<measure>
  <schema_version>3.0</schema_version>
  <name>replace_model</name>
  <uid>54f03343-5b5c-42f4-818c-5e6de6ded489</uid>
  <version_id>232fdb66-d7d7-4a93-8efb-f7b686b331f2</version_id>
  <version_modified>20170601T153948Z</version_modified>
  <xml_checksum>057E8D9D</xml_checksum>
  <class_name>ReplaceModel</class_name>
  <display_name>Replace OpenStudio Model</display_name>
  <description></description>
  <modeler_description></modeler_description>
  <arguments>
    <argument>
      <name>external_model_name</name>
      <display_name>External OSM File Name</display_name>
      <description>Name of the model to replalace current model. This is the filename with the extension (e.g. MyModel.osm). Optionally this can inclucde the full file path, but for most use cases should just be file name.</description>
      <type>String</type>
      <required>true</required>
      <model_dependent>false</model_dependent>
    </argument>
  </arguments>
  <outputs/>
  <provenances/>
  <tags>
    <tag>Whole Building.Space Types</tag>
  </tags>
  <attributes>
    <attribute>
      <name>Measure Type</name>
      <value>ModelMeasure</value>
      <datatype>string</datatype>
    </attribute>
    <attribute>
      <name>Uses SketchUp API</name>
      <value>false</value>
      <datatype>boolean</datatype>
    </attribute>
  </attributes>
  <files>
    <file>
      <filename>EnvelopeAndLoadTestModel_01.osm</filename>
      <filetype>osm</filetype>
      <usage_type>test</usage_type>
      <checksum>6616E1BE</checksum>
    </file>
    <file>
      <filename>ReplaceModel_Test.rb</filename>
      <filetype>rb</filetype>
      <usage_type>test</usage_type>
      <checksum>7A5FC26A</checksum>
    </file>
    <file>
      <version>
        <software_program>OpenStudio</software_program>
        <identifier>0.10.2</identifier>
        <min_compatible>0.10.2</min_compatible>
      </version>
      <filename>measure.rb</filename>
      <filetype>rb</filetype>
      <usage_type>script</usage_type>
      <checksum>8905E39A</checksum>
    </file>
    <file>
      <filename>test.osw</filename>
      <filetype>osw</filetype>
      <usage_type>test</usage_type>
      <checksum>F5FABCCF</checksum>
    </file>
  </files>
</measure>
