<measure>
  <schema_version>3.0</schema_version>
  <name>push_custom_results_to_mongo_db</name>
  <uid>b3553b5c-59f9-4bf5-8a74-1dfb184857a0</uid>
  <version_id>c7bee801-3e93-4c3c-9231-4be0a37197bf</version_id>
  <version_modified>20170707T025251Z</version_modified>
  <xml_checksum>345CCCA5</xml_checksum>
  <class_name>PushCustomResultsToMongoDB</class_name>
  <display_name>PushCustomResultsToMongoDB</display_name>
  <description>A measure that will take Annual Building Utilty Performance tables, Demand End use Components summary table, Source Energy End Use Components Summary and produce an output Json d</description>
  <modeler_description>A measure that will take Annual Building Utilty Performance tables, Demand End use Components summary table, Source Energy End Use Components Summary and produce an output Json</modeler_description>
  <arguments>
    <argument>
      <name>geometry_profile</name>
      <display_name>geometry_profile</display_name>
      <type>String</type>
      <required>true</required>
      <model_dependent>false</model_dependent>
      <default_value>{}</default_value>
    </argument>
    <argument>
      <name>os_model</name>
      <display_name>os_model</display_name>
      <type>String</type>
      <required>true</required>
      <model_dependent>false</model_dependent>
      <default_value>multi-model mode</default_value>
    </argument>
    <argument>
      <name>user_id</name>
      <display_name>user_id</display_name>
      <type>String</type>
      <required>true</required>
      <model_dependent>false</model_dependent>
      <default_value>00000000-0000-0000-0000-000000000000</default_value>
    </argument>
    <argument>
      <name>job_id</name>
      <display_name>job_id</display_name>
      <type>String</type>
      <required>true</required>
      <model_dependent>false</model_dependent>
    </argument>
    <argument>
      <name>ashrae_climate_zone</name>
      <display_name>ashrae_climate_zone</display_name>
      <type>String</type>
      <required>false</required>
      <model_dependent>false</model_dependent>
      <default_value>-1</default_value>
    </argument>
    <argument>
      <name>building_type</name>
      <display_name>building_type</display_name>
      <type>String</type>
      <required>false</required>
      <model_dependent>false</model_dependent>
      <default_value>BadDefaultType</default_value>
    </argument>
  </arguments>
  <outputs/>
  <provenances/>
  <tags>
    <tag>Reporting.QAQC</tag>
  </tags>
  <attributes>
    <attribute>
      <name>Measure Type</name>
      <value>ReportingMeasure</value>
      <datatype>string</datatype>
    </attribute>
    <attribute>
      <name>Intended Software Tool</name>
      <value>Apply Measure Now</value>
      <datatype>string</datatype>
    </attribute>
    <attribute>
      <name>Intended Software Tool</name>
      <value>OpenStudio Application</value>
      <datatype>string</datatype>
    </attribute>
    <attribute>
      <name>Intended Software Tool</name>
      <value>Parametric Analysis Tool</value>
      <datatype>string</datatype>
    </attribute>
    <attribute>
      <name>Intended Software Tool</name>
      <value>Analysis Spreadsheet</value>
      <datatype>string</datatype>
    </attribute>
  </attributes>
  <files>
    <file>
      <filename>Output.rb</filename>
      <filetype>rb</filetype>
      <usage_type>resource</usage_type>
      <checksum>3DC692F2</checksum>
    </file>
    <file>
      <filename>push_custom_results_to_mongo_db_test.rb</filename>
      <filetype>rb</filetype>
      <usage_type>test</usage_type>
      <checksum>43E19A10</checksum>
    </file>
    <file>
      <filename>Example_report_SPEEDOutputs.json</filename>
      <filetype>json</filetype>
      <usage_type>resource</usage_type>
      <checksum>4FC0F80A</checksum>
    </file>
    <file>
      <version>
        <software_program>OpenStudio</software_program>
        <identifier>1.11.5</identifier>
        <min_compatible>1.11.5</min_compatible>
      </version>
      <filename>measure.rb</filename>
      <filetype>rb</filetype>
      <usage_type>script</usage_type>
      <checksum>832110B9</checksum>
    </file>
  </files>
</measure>
