[
  {
    "units": "MJ/m2",
    "objective_function": true,
    "objective_function_index": 0,
    "objective_function_target": null,
    "objective_function_group": 1,
    "scaling_factor": null,
    "display_name": "Total Site Energy Intensity",
    "display_name_short": "Site EUI",
    "metadata_id": "total_site_energy_intensity",
    "name": "standard_report_legacy.total_energy",
    "visualize": true,
    "export": true,
    "variable_type": "double"
  },
  {
    "units": "MJ/m2",
    "objective_function": true,
    "objective_function_index": 1,
    "objective_function_target": null,
    "objective_function_group": 2,
    "scaling_factor": null,
    "display_name": "Total Source Energy Intensity",
    "display_name_short": "Source EUI",
    "metadata_id": "total_source_energy_intensity",
    "name": "standard_report_legacy.total_source_energy",
    "visualize": true,
    "export": true,
    "variable_type": "double"
  },
  {
    "units": "MJ/m2",
    "objective_function": false,
    "objective_function_index": null,
    "objective_function_target": null,
    "objective_function_group": null,
    "scaling_factor": null,
    "display_name": "Total Natural Gas Intensity",
    "display_name_short": "NG EUI",
    "metadata_id": "total_natural_gas_intensity",
    "name": "standard_report_legacy.total_natural_gas",
    "visualize": true,
    "export": true,
    "variable_type": "double"
  },
  {
    "units": "MJ/m2",
    "objective_function": false,
    "objective_function_index": null,
    "objective_function_target": null,
    "objective_function_group": null,
    "scaling_factor": null,
    "display_name": "Total Electricity Intensity",
    "display_name_short": "Elec EUI",
    "metadata_id": "total_electricity_intensity",
    "name": "standard_report_legacy.total_electricity",
    "visualize": true,
    "export": true,
    "variable_type": "double"
  },
  {
    "units": "hrs",
    "objective_function": false,
    "objective_function_index": null,
    "objective_function_target": null,
    "objective_function_group": null,
    "scaling_factor": null,
    "display_name": "Unmet Cooling Hours",
    "display_name_short": "Unmet Cooling Hours",
    "metadata_id": null,
    "name": "standard_reports.time_setpoint_not_met_during_occupied_cooling",
    "visualize": false,
    "export": true,
    "variable_type": "double"
  },
  {
    "units": "hrs",
    "objective_function": false,
    "objective_function_index": null,
    "objective_function_target": null,
    "objective_function_group": null,
    "scaling_factor": null,
    "display_name": "Unmet Heating Hours",
    "display_name_short": "Unmet Heating Hours",
    "metadata_id": null,
    "name": "standard_reports.time_setpoint_not_met_during_occupied_heating",
    "visualize": false,
    "export": true,
    "variable_type": "double"
  },
  {
    "units": "hrs",
    "objective_function": false,
    "objective_function_index": null,
    "objective_function_target": null,
    "objective_function_group": null,
    "scaling_factor": null,
    "display_name": "Total Unmet Hours",
    "display_name_short": "Total Unmet Hours",
    "metadata_id": null,
    "name": "standard_reports.time_setpoint_not_met_during_occupied_hours",
    "visualize": false,
    "export": true,
    "variable_type": "double"
  },
  {
    "units": "m2",
    "objective_function": false,
    "objective_function_index": null,
    "objective_function_target": null,
    "objective_function_group": null,
    "scaling_factor": null,
    "display_name": "Building Area",
    "display_name_short": "Building Area",
    "metadata_id": null,
    "name": "standard_reports.total_building_area",
    "visualize": true,
    "export": true,
    "variable_type": "double"
  },
  {
    "units": "MJ/m2",
    "objective_function": false,
    "objective_function_index": null,
    "objective_function_target": null,
    "objective_function_group": null,
    "scaling_factor": null,
    "display_name": "Natural Gas Heating Intensity",
    "display_name_short": "Natural Gas Heating Intensity",
    "metadata_id": null,
    "name": "standard_report_legacy.heating_natural_gas",
    "visualize": false,
    "export": true,
    "variable_type": "double"
  },
  {
    "units": "MJ/m2",
    "objective_function": false,
    "objective_function_index": null,
    "objective_function_target": null,
    "objective_function_group": null,
    "scaling_factor": null,
    "display_name": "Cooling Electricity Intensity",
    "display_name_short": "Cooling Electricity Intensity",
    "metadata_id": null,
    "name": "standard_report_legacy.cooling_electricity",
    "visualize": false,
    "export": true,
    "variable_type": "double"
  },
  {
    "units": "MJ/m2",
    "objective_function": false,
    "objective_function_index": null,
    "objective_function_target": null,
    "objective_function_group": null,
    "scaling_factor": null,
    "display_name": "Interior Lighting Electricity Intensity",
    "display_name_short": "Interior Lighting Electricity Intensity",
    "metadata_id": null,
    "name": "standard_report_legacy.interior_lighting_electricity",
    "visualize": false,
    "export": true,
    "variable_type": "double"
  },
  {
    "units": "MJ/m2",
    "objective_function": false,
    "objective_function_index": null,
    "objective_function_target": null,
    "objective_function_group": null,
    "scaling_factor": null,
    "display_name": "Exterior Lighting Electricity Intensity",
    "display_name_short": "Exterior Lighting Electricity Intensity",
    "metadata_id": null,
    "name": "standard_report_legacy.exterior_lighting_electricity",
    "visualize": false,
    "export": true,
    "variable_type": "double"
  },
  {
    "units": "MJ/m2",
    "objective_function": false,
    "objective_function_index": null,
    "objective_function_target": null,
    "objective_function_group": null,
    "scaling_factor": null,
    "display_name": "Equipment Electricity Intensity",
    "display_name_short": "Equipment Electricity Intensity",
    "metadata_id": null,
    "name": "standard_report_legacy.interior_equipment_electricity",
    "visualize": false,
    "export": true,
    "variable_type": "double"
  },
  {
    "units": "MJ/m2",
    "objective_function": false,
    "objective_function_index": null,
    "objective_function_target": null,
    "objective_function_group": null,
    "scaling_factor": null,
    "display_name": "Equipment Natural Gas Intensity",
    "display_name_short": "Equipment Natural Gas Intensity",
    "metadata_id": null,
    "name": "standard_report_legacy.interior_equipment_natural_gas",
    "visualize": false,
    "export": true,
    "variable_type": "double"
  },
  {
    "units": "MJ/m2",
    "objective_function": false,
    "objective_function_index": null,
    "objective_function_target": null,
    "objective_function_group": null,
    "scaling_factor": null,
    "display_name": "Experior Equipment Electricity Intensity",
    "display_name_short": "Experior Equipment Electricity Intensity",
    "metadata_id": null,
    "name": "standard_report_legacy.exterior_equipment_electricity",
    "visualize": false,
    "export": true,
    "variable_type": "double"
  },
  {
    "units": "MJ/m2",
    "objective_function": false,
    "objective_function_index": null,
    "objective_function_target": null,
    "objective_function_group": null,
    "scaling_factor": null,
    "display_name": "Fans Electricity Intensity",
    "display_name_short": "Fans Electricity Intensity",
    "metadata_id": null,
    "name": "standard_report_legacy.fans_electricity",
    "visualize": false,
    "export": true,
    "variable_type": "double"
  },
  {
    "units": "MJ/m2",
    "objective_function": false,
    "objective_function_index": null,
    "objective_function_target": null,
    "objective_function_group": null,
    "scaling_factor": null,
    "display_name": "Pumps Electricity Intensity",
    "display_name_short": "Pumps Electricity Intensity",
    "metadata_id": null,
    "name": "standard_report_legacy.pumps_electricity",
    "visualize": false,
    "export": true,
    "variable_type": "double"
  },
  {
    "units": "MJ/m2",
    "objective_function": false,
    "objective_function_index": null,
    "objective_function_target": null,
    "objective_function_group": null,
    "scaling_factor": null,
    "display_name": "Heat Rejection Electricity Intensity",
    "display_name_short": "Heat Rejection Electricity Intensity",
    "metadata_id": null,
    "name": "standard_report_legacy.heat_rejection_electricity",
    "visualize": false,
    "export": true,
    "variable_type": "double"
  },
  {
    "units": "MJ/m2",
    "objective_function": false,
    "objective_function_index": null,
    "objective_function_target": null,
    "objective_function_group": null,
    "scaling_factor": null,
    "display_name": "Humidification Electricity Intensity",
    "display_name_short": "Humidification Electricity Intensity",
    "metadata_id": null,
    "name": "standard_report_legacy.humidification_electricity",
    "visualize": false,
    "export": true,
    "variable_type": "double"
  },
  {
    "units": "MJ/m2",
    "objective_function": false,
    "objective_function_index": null,
    "objective_function_target": null,
    "objective_function_group": null,
    "scaling_factor": null,
    "display_name": "Water Systems Electricity Intensity",
    "display_name_short": "Water Systems Electricity Intensity",
    "metadata_id": null,
    "name": "standard_report_legacy.water_systems_electricity",
    "visualize": false,
    "export": true,
    "variable_type": "double"
  },
  {
    "units": "MJ/m2",
    "objective_function": false,
    "objective_function_index": null,
    "objective_function_target": null,
    "objective_function_group": null,
    "scaling_factor": null,
    "display_name": "Water Systems Natural Gas Intensity",
    "display_name_short": "Water Systems Natural Gas Intensity",
    "metadata_id": null,
    "name": "standard_report_legacy.water_systems_natural_gas",
    "visualize": false,
    "export": true,
    "variable_type": "double"
  },
  {
    "units": "MJ/m2",
    "objective_function": false,
    "objective_function_index": null,
    "objective_function_target": null,
    "objective_function_group": null,
    "scaling_factor": null,
    "display_name": "Refrigeration Electricity Intensity",
    "display_name_short": "Refrigeration Electricity Intensity",
    "metadata_id": null,
    "name": "standard_report_legacy.refrigeration_electricity",
    "visualize": false,
    "export": true,
    "variable_type": "double"
  },
  {
    "units": "$",
    "objective_function": false,
    "objective_function_index": null,
    "objective_function_target": null,
    "objective_function_group": null,
    "scaling_factor": null,
    "display_name": "Total Life Cycle Cost",
    "display_name_short": "Total Life Cycle Cost",
    "metadata_id": null,
    "name": "standard_report.total_life_cycle_cost",
    "visualize": true,
    "export": true,
    "variable_type": "double"
  }
]
