<measure>
  <schema_version>3.0</schema_version>
  <name>replace_exterior_window_construction</name>
  <uid>e9cc8132-fe83-4cd6-a168-8c7637b04e12</uid>
  <version_id>ab039784-e1da-4236-9e72-03e41fb6c710</version_id>
  <version_modified>20161107T222423Z</version_modified>
  <xml_checksum>E8A47F56</xml_checksum>
  <class_name>ReplaceExteriorWindowConstruction</class_name>
  <display_name>Replace Exterior Window Constructions with a Different Construction from the Model.</display_name>
  <description>Replace existing windows with different windows to change thermal or lighting performance.  Window technology has improved drastically over the years, and double or triple-pane high performance windows currently on the market can cut down on envelope loads greatly.  Window frames with thermal breaks reduce the considerable energy that can transfer through thermally unbroken frames.  High performance windows typically also come with low-emissivity (low?e) glass to keep radiant heat on the same side of the glass from where the heat originated. This means that during the cooling months a low-e glass would tend to keep radiant heat from the sun on the outside of the window, which would keep the inside of a building cooler. Conversely, during heating months low-e glass helps keep radiant heat from inside the building on the inside, which would keep the inside of a building warmer.  Life cycle cost values may be added for the new window applied by the measure.</description>
  <modeler_description>Replace fixed and/or operable exterior window constructions with another construction in the model.  Skylights (windows in roofs vs. walls) will not be altered. Windows in surfaces with "Adiabatic" boundary conditions are not specifically assumed to be interior or exterior. As a result constructions used on windows in "Adiabatic" surfaces will not be altered. Material &amp; installation, demolition, and O&amp;M costs can be added to the applied window construction. Optionally any prior costs associated with construction can be removed.&#xd;&#xd;&#xd;&#xd;&#xd;&#xd;&#xd;
&#xd;&#xd;&#xd;&#xd;&#xd;&#xd;&#xd;
For costs added as part of a design alternatives "Years Until Costs Start? is typically "0?. For a new construction scenario "Demolition Costs Occur During Initial Construction?? is "false?. For retrofit scenario "Demolition Costs Occur During Initial Construction?? is "true?. O&amp;M cost and frequency can be whatever is appropriate for the component.&#xd;&#xd;&#xd;&#xd;&#xd;&#xd;&#xd;
  </modeler_description>
  <arguments>
    <argument>
      <name>construction</name>
      <display_name>Pick a Window Construction From the Model to Replace Existing Window Constructions.</display_name>
      <type>Choice</type>
      <required>true</required>
      <model_dependent>false</model_dependent>
    </argument>
    <argument>
      <name>change_fixed_windows</name>
      <display_name>Change Fixed Windows?</display_name>
      <type>Boolean</type>
      <required>true</required>
      <model_dependent>false</model_dependent>
      <default_value>true</default_value>
      <choices>
        <choice>
          <value>true</value>
          <display_name>true</display_name>
        </choice>
        <choice>
          <value>false</value>
          <display_name>false</display_name>
        </choice>
      </choices>
    </argument>
    <argument>
      <name>change_operable_windows</name>
      <display_name>Change Operable Windows?</display_name>
      <type>Boolean</type>
      <required>true</required>
      <model_dependent>false</model_dependent>
      <default_value>true</default_value>
      <choices>
        <choice>
          <value>true</value>
          <display_name>true</display_name>
        </choice>
        <choice>
          <value>false</value>
          <display_name>false</display_name>
        </choice>
      </choices>
    </argument>
    <argument>
      <name>remove_costs</name>
      <display_name>Remove Existing Costs?</display_name>
      <type>Boolean</type>
      <required>true</required>
      <model_dependent>false</model_dependent>
      <default_value>true</default_value>
      <choices>
        <choice>
          <value>true</value>
          <display_name>true</display_name>
        </choice>
        <choice>
          <value>false</value>
          <display_name>false</display_name>
        </choice>
      </choices>
    </argument>
    <argument>
      <name>material_cost_ip</name>
      <display_name>Material and Installation Costs for Construction per Area Used ($/ft^2).</display_name>
      <type>Double</type>
      <required>true</required>
      <model_dependent>false</model_dependent>
      <default_value>0</default_value>
    </argument>
    <argument>
      <name>demolition_cost_ip</name>
      <display_name>Demolition Costs for Construction per Area Used ($/ft^2).</display_name>
      <type>Double</type>
      <required>true</required>
      <model_dependent>false</model_dependent>
      <default_value>0</default_value>
    </argument>
    <argument>
      <name>years_until_costs_start</name>
      <display_name>Years Until Costs Start (whole years).</display_name>
      <type>Integer</type>
      <required>true</required>
      <model_dependent>false</model_dependent>
      <default_value>0</default_value>
    </argument>
    <argument>
      <name>demo_cost_initial_const</name>
      <display_name>Demolition Costs Occur During Initial Construction?</display_name>
      <type>Boolean</type>
      <required>true</required>
      <model_dependent>false</model_dependent>
      <default_value>false</default_value>
      <choices>
        <choice>
          <value>true</value>
          <display_name>true</display_name>
        </choice>
        <choice>
          <value>false</value>
          <display_name>false</display_name>
        </choice>
      </choices>
    </argument>
    <argument>
      <name>expected_life</name>
      <display_name>Expected Life (whole years).</display_name>
      <type>Integer</type>
      <required>true</required>
      <model_dependent>false</model_dependent>
      <default_value>20</default_value>
    </argument>
    <argument>
      <name>om_cost_ip</name>
      <display_name>O &amp; M Costs for Construction per Area Used ($/ft^2).</display_name>
      <type>Double</type>
      <required>true</required>
      <model_dependent>false</model_dependent>
      <default_value>0</default_value>
    </argument>
    <argument>
      <name>om_frequency</name>
      <display_name>O &amp; M Frequency (whole years).</display_name>
      <type>Integer</type>
      <required>true</required>
      <model_dependent>false</model_dependent>
      <default_value>1</default_value>
    </argument>
  </arguments>
  <outputs/>
  <provenances/>
  <tags>
    <tag>Envelope.Fenestration</tag>
  </tags>
  <attributes>
    <attribute>
      <name>Measure Type</name>
      <value>ModelMeasure</value>
      <datatype>string</datatype>
    </attribute>
    <attribute>
      <name>Measure Function</name>
      <value>Measure</value>
      <datatype>string</datatype>
    </attribute>
    <attribute>
      <name>Requires EnergyPlus Results</name>
      <value>false</value>
      <datatype>boolean</datatype>
    </attribute>
    <attribute>
      <name>Uses SketchUp API</name>
      <value>false</value>
      <datatype>boolean</datatype>
    </attribute>
  </attributes>
  <files>
    <file>
      <version>
        <software_program>OpenStudio</software_program>
        <identifier>0.11.5</identifier>
        <min_compatible>1.8.0</min_compatible>
      </version>
      <filename>measure.rb</filename>
      <filetype>rb</filetype>
      <usage_type>script</usage_type>
      <checksum>20DA78D2</checksum>
    </file>
  </files>
</measure>
