{
  "user_id": "00000000-0000-0000-0000-000000000000",
  "os_model_id": "456",
  "sql_path": "C:/Users/szilasi_admin/AppData/Local/Temp/OpenStudioApp.r34528/resources/run/eplusout.sql",
  "created_timestamp": 1498525640,
  "building_type": "BadDefaultType",
  "climate_zone": "-1",
  "geometry_profile": "{}",
  "openStudio_model_name": "multi-model mode",
  "input_variables": {
    "user_data_points": "{}"
  },
  "output_variables": {
    "building_envelope": {
      "wwr_north": 20.0,
      "wwr_east": 40.0,
      "wwr_south": 60.0,
      "wwr_west": 40.0,
      "infiltration_per_wall_area": 0.00018880702707955638,
      "infiltration_per_wall_area_units": "m3/m2"
    },
    "site": {
      "rotation": 0.0,
      "city": "Dallas Love Field",
      "state": "TX",
      "country": "USA"
    },
    "building": {
      "floor_area": 99.99998807907099,
      "floor_area_units": "m2",
      "surface_area": 219.9999809265135,
      "volume": 299.999964237213,
      "surface_area_units": "m2",
      "volume_units": "m3",
      "exterior_wall_area": 119.99999284744246,
      "lpd": 8.28824997,
      "lpd_units": "W/m2",
      "epd": 7.642412310000001,
      "epd_units": "W/m2"
    },
    "unmet_hours": {
      "units": "Hours",
      "occ_cool": 549.17,
      "occ_heat": 0.0,
      "occ_total": 549.17
    },
    "electricity_end_uses": {
      "energy_units": "GJ",
      "heating": 0.0,
      "cooling": 0.0,
      "interior_lighting": 9.65,
      "exterior_lighting": 0.0,
      "interior_equipment": 13.05,
      "exterior_equipment": 0.0,
      "fans": 0.0,
      "pumps": 0.0,
      "heat_rejection": 0.0,
      "humidification": 0.0,
      "heat_recovery": 0.0,
      "water_systems": 0.0,
      "refrigeration": 0.0,
      "generators": 0.0,
      "total": 22.71
    },
    "natural_gas_end_uses": {
      "energy_units": "GJ",
      "heating": 0.0,
      "cooling": 0.0,
      "interior_lighting": 0.0,
      "exterior_lighting": 0.0,
      "interior_equipment": 0.0,
      "exterior_equipment": 0.0,
      "fans": 0.0,
      "pumps": 0.0,
      "heat_rejection": 0.0,
      "humidification": 0.0,
      "heat_recovery": 0.0,
      "water_systems": 0.0,
      "refrigeration": 0.0,
      "generators": 0.0,
      "total": 0.0
    },
    "water_end_uses": {
      "units": "m3",
      "heating": 0.0,
      "cooling": 0.0,
      "interior_lighting": 0.0,
      "exterior_lighting": 0.0,
      "interior_equipment": 0.0,
      "exterior_equipment": 0.0,
      "fans": 0.0,
      "pumps": 0.0,
      "heat_rejection": 0.0,
      "humidification": 0.0,
      "heat_recovery": 0.0,
      "water_systems": 0.0,
      "refrigeration": 0.0,
      "generators": 0.0,
      "total": 0.0
    },
    "demandEndUseComponentsSummaryTable": {
      "units": "W",
      "time_peak_electricity": "01-JAN-08:09",
      "time_peak_natural_gas": "-",
      "end_uses_heating_elect": 0.0,
      "end_uses_heating_gas": 0.0,
      "end_uses_cooling_elect": 0.0,
      "end_uses_cooling_gas": 0.0,
      "end_uses_interior_lighting_elect": 745.94,
      "end_uses_interior_lighting_gas": 0.0,
      "end_uses_interior_equipment_elect": 687.82,
      "end_uses_interior_equipment_gas": 0.0,
      "end_uses_exterior_lighting_elect": 0.0,
      "end_uses_exterior_lighting_gas": 0.0,
      "end_uses_exterior_equipment_elect": 0.0,
      "end_uses_exterior_equipment_gas": 0.0,
      "end_uses_fans_elect": 0.0,
      "end_uses_fans_gas": 0.0,
      "end_uses_pumps_elect": 0.0,
      "end_uses_pumps_gas": 0.0,
      "end_uses_heat_rejection_elect": 0.0,
      "end_uses_heat_rejection_gas": 0.0,
      "end_uses_humidification_elect": 0.0,
      "end_uses_humidification_gas": 0.0,
      "end_uses_heat_recovery_elect": 0.0,
      "end_uses_heat_recovery_gas": 0.0,
      "end_uses_water_systems_elect": 0.0,
      "end_uses_water_systems_gas": 0.0,
      "end_uses_refrigeration_elect": 0.0,
      "end_uses_refrigeration_gas": 0.0,
      "end_uses_generators_elect": 0.0,
      "end_uses_generators_gas": 0.0,
      "end_uses_total_end_uses_elect": 1433.76,
      "end_uses_total_end_uses_gas": 0.0
    },
    "sourceEnergyUseComponentsSummary": {
      "units": "GJ",
      "source_end_use_heating_elect": 0.0,
      "source_end_use_heating_gas": 0.0,
      "source_end_use_cooling_elect": 0.0,
      "source_end_use_cooling_gas": 0.0,
      "source_end_use_interior_lighting_elect": 30.57,
      "source_end_use_interior_lighting_gas": 0.0,
      "source_end_use_exterior_lighting_elect": 0.0,
      "source_end_use_exterior_lighting_gas": 0.0,
      "source_end_use_interior_equipment_elect": 41.34,
      "source_end_use_interior_equipment_gas": 0.0,
      "source_end_use_exterior_equipment_elect": 0.0,
      "source_end_use_exterior_equipment_gas": 0.0,
      "source_end_use_fans_elect": 0.0,
      "source_end_use_fans_gas": 0.0,
      "source_end_use_pumps_elect": 0.0,
      "source_end_use_pumps_gas": 0.0,
      "source_end_use_heat_rejection_elect": 0.0,
      "source_end_use_heat_rejection_gas": 0.0,
      "source_end_use_humidification_elect": 0.0,
      "source_end_use_humidification_gas": 0.0,
      "source_end_use_heat_recovery_elect": 0.0,
      "source_end_use_heat_recovery_gas": 0.0,
      "source_end_use_water_systems_elect": 0.0,
      "source_end_use_water_systems_gas": 0.0,
      "source_end_use_refridgeration_elect": 0.0,
      "source_end_use_refridgeration_gas": 0.0,
      "source_end_use_generators_elect": 0.0,
      "source_end_use_generators_gas": 0.0,
      "source_end_use_total_source_energy_end_use_components_elect": 71.91,
      "source_end_use_total_source_energy_end_use_components_gas": 0.0
    },
    "annual_building_utilty_performance_summary": {
      "ElectricityEndUses": {
        "energy_units": "GJ",
        "heating": 0.0,
        "cooling": 0.0,
        "interior_lighting": 9.65,
        "exterior_lighting": 0.0,
        "interior_equipment": 13.05,
        "exterior_equipment": 0.0,
        "fans": 0.0,
        "pumps": 0.0,
        "heat_rejection": 0.0,
        "humidification": 0.0,
        "heat_recovery": 0.0,
        "water_systems": 0.0,
        "refrigeration": 0.0,
        "generators": 0.0,
        "total": 22.71
      },
      "NaturalGasEndUses": {
        "energy_units": "GJ",
        "heating": 0.0,
        "cooling": 0.0,
        "interior_lighting": 0.0,
        "exterior_lighting": 0.0,
        "interior_equipment": 0.0,
        "exterior_equipment": 0.0,
        "fans": 0.0,
        "pumps": 0.0,
        "heat_rejection": 0.0,
        "humidification": 0.0,
        "heat_recovery": 0.0,
        "water_systems": 0.0,
        "refrigeration": 0.0,
        "generators": 0.0,
        "total": 0.0
      },
      "WaterEndUses": {
        "units": "m3",
        "heating": 0.0,
        "cooling": 0.0,
        "interior_lighting": 0.0,
        "exterior_lighting": 0.0,
        "interior_equipment": 0.0,
        "exterior_equipment": 0.0,
        "fans": 0.0,
        "pumps": 0.0,
        "heat_rejection": 0.0,
        "humidification": 0.0,
        "heat_recovery": 0.0,
        "water_systems": 0.0,
        "refrigeration": 0.0,
        "generators": 0.0,
        "total": 0.0
      },
      "UnmetHours": {
        "units": "Hours",
        "occ_cool": 549.17,
        "occ_heat": 0.0,
        "occ_total": 549.17
      },
      "siteandsource": {
        "units": "MJ/m2",
        "site_energy_per_conditioned_building_area": 1183.24,
        "source_energy_per_conditioned_building_area": 2101.26
      }
    },
    "building_energy_performance_tables": {
      "Electricity": {
        "units": "kWh",
        "jan_heating": 0,
        "feb_heating": 0,
        "mar_heating": 0,
        "apr_heating": 0,
        "may_heating": 0,
        "jun_heating": 0,
        "jul_heating": 0,
        "aug_heating": 0,
        "sep_heating": 0,
        "oct_heating": 0,
        "nov_heating": 0,
        "dec_heating": 0,
        "jan_cooling": 0,
        "feb_cooling": 0,
        "mar_cooling": 0,
        "apr_cooling": 0,
        "may_cooling": 0,
        "jun_cooling": 0,
        "jul_cooling": 0,
        "aug_cooling": 0,
        "sep_cooling": 0,
        "oct_cooling": 0,
        "nov_cooling": 0,
        "dec_cooling": 0,
        "jan_interior_lighting": 233.65,
        "feb_interior_lighting": 205.55,
        "mar_interior_lighting": 233.65,
        "apr_interior_lighting": 210.11,
        "may_interior_lighting": 233.65,
        "jun_interior_lighting": 224.28,
        "jul_interior_lighting": 219.47,
        "aug_interior_lighting": 233.65,
        "sep_interior_lighting": 218.48,
        "oct_interior_lighting": 225.27,
        "nov_interior_lighting": 224.28,
        "dec_interior_lighting": 219.47,
        "jan_exterior_lighting": 0,
        "feb_exterior_lighting": 0,
        "mar_exterior_lighting": 0,
        "apr_exterior_lighting": 0,
        "may_exterior_lighting": 0,
        "jun_exterior_lighting": 0,
        "jul_exterior_lighting": 0,
        "aug_exterior_lighting": 0,
        "sep_exterior_lighting": 0,
        "oct_exterior_lighting": 0,
        "nov_exterior_lighting": 0,
        "dec_exterior_lighting": 0,
        "jan_interior_equipment": 312.42,
        "feb_interior_equipment": 278.03,
        "mar_interior_equipment": 312.42,
        "apr_interior_equipment": 290.22,
        "may_interior_equipment": 312.42,
        "jun_interior_equipment": 300.96,
        "jul_interior_equipment": 301.68,
        "aug_interior_equipment": 312.42,
        "sep_interior_equipment": 296.18,
        "oct_interior_equipment": 306.46,
        "nov_interior_equipment": 300.96,
        "dec_interior_equipment": 301.68,
        "jan_exterior_equipment": 0,
        "feb_exterior_equipment": 0,
        "mar_exterior_equipment": 0,
        "apr_exterior_equipment": 0,
        "may_exterior_equipment": 0,
        "jun_exterior_equipment": 0,
        "jul_exterior_equipment": 0,
        "aug_exterior_equipment": 0,
        "sep_exterior_equipment": 0,
        "oct_exterior_equipment": 0,
        "nov_exterior_equipment": 0,
        "dec_exterior_equipment": 0,
        "jan_fans": 0,
        "feb_fans": 0,
        "mar_fans": 0,
        "apr_fans": 0,
        "may_fans": 0,
        "jun_fans": 0,
        "jul_fans": 0,
        "aug_fans": 0,
        "sep_fans": 0,
        "oct_fans": 0,
        "nov_fans": 0,
        "dec_fans": 0,
        "jan_pumps": 0,
        "feb_pumps": 0,
        "mar_pumps": 0,
        "apr_pumps": 0,
        "may_pumps": 0,
        "jun_pumps": 0,
        "jul_pumps": 0,
        "aug_pumps": 0,
        "sep_pumps": 0,
        "oct_pumps": 0,
        "nov_pumps": 0,
        "dec_pumps": 0,
        "jan_heat_rejection": 0,
        "feb_heat_rejection": 0,
        "mar_heat_rejection": 0,
        "apr_heat_rejection": 0,
        "may_heat_rejection": 0,
        "jun_heat_rejection": 0,
        "jul_heat_rejection": 0,
        "aug_heat_rejection": 0,
        "sep_heat_rejection": 0,
        "oct_heat_rejection": 0,
        "nov_heat_rejection": 0,
        "dec_heat_rejection": 0,
        "jan_humidification": 0,
        "feb_humidification": 0,
        "mar_humidification": 0,
        "apr_humidification": 0,
        "may_humidification": 0,
        "jun_humidification": 0,
        "jul_humidification": 0,
        "aug_humidification": 0,
        "sep_humidification": 0,
        "oct_humidification": 0,
        "nov_humidification": 0,
        "dec_humidification": 0,
        "jan_heat_recovery": 0,
        "feb_heat_recovery": 0,
        "mar_heat_recovery": 0,
        "apr_heat_recovery": 0,
        "may_heat_recovery": 0,
        "jun_heat_recovery": 0,
        "jul_heat_recovery": 0,
        "aug_heat_recovery": 0,
        "sep_heat_recovery": 0,
        "oct_heat_recovery": 0,
        "nov_heat_recovery": 0,
        "dec_heat_recovery": 0,
        "jan_water_systems": 0,
        "feb_water_systems": 0,
        "mar_water_systems": 0,
        "apr_water_systems": 0,
        "may_water_systems": 0,
        "jun_water_systems": 0,
        "jul_water_systems": 0,
        "aug_water_systems": 0,
        "sep_water_systems": 0,
        "oct_water_systems": 0,
        "nov_water_systems": 0,
        "dec_water_systems": 0,
        "jan_refrigeration": 0,
        "feb_refrigeration": 0,
        "mar_refrigeration": 0,
        "apr_refrigeration": 0,
        "may_refrigeration": 0,
        "jun_refrigeration": 0,
        "jul_refrigeration": 0,
        "aug_refrigeration": 0,
        "sep_refrigeration": 0,
        "oct_refrigeration": 0,
        "nov_refrigeration": 0,
        "dec_refrigeration": 0,
        "jan_generators": 0,
        "feb_generators": 0,
        "mar_generators": 0,
        "apr_generators": 0,
        "may_generators": 0,
        "jun_generators": 0,
        "jul_generators": 0,
        "aug_generators": 0,
        "sep_generators": 0,
        "oct_generators": 0,
        "nov_generators": 0,
        "dec_generators": 0
      },
      "Natural Gas": {
        "units": "MBtu",
        "jan_heating": 0,
        "feb_heating": 0,
        "mar_heating": 0,
        "apr_heating": 0,
        "may_heating": 0,
        "jun_heating": 0,
        "jul_heating": 0,
        "aug_heating": 0,
        "sep_heating": 0,
        "oct_heating": 0,
        "nov_heating": 0,
        "dec_heating": 0,
        "jan_cooling": 0,
        "feb_cooling": 0,
        "mar_cooling": 0,
        "apr_cooling": 0,
        "may_cooling": 0,
        "jun_cooling": 0,
        "jul_cooling": 0,
        "aug_cooling": 0,
        "sep_cooling": 0,
        "oct_cooling": 0,
        "nov_cooling": 0,
        "dec_cooling": 0,
        "jan_interior_lighting": 0,
        "feb_interior_lighting": 0,
        "mar_interior_lighting": 0,
        "apr_interior_lighting": 0,
        "may_interior_lighting": 0,
        "jun_interior_lighting": 0,
        "jul_interior_lighting": 0,
        "aug_interior_lighting": 0,
        "sep_interior_lighting": 0,
        "oct_interior_lighting": 0,
        "nov_interior_lighting": 0,
        "dec_interior_lighting": 0,
        "jan_exterior_lighting": 0,
        "feb_exterior_lighting": 0,
        "mar_exterior_lighting": 0,
        "apr_exterior_lighting": 0,
        "may_exterior_lighting": 0,
        "jun_exterior_lighting": 0,
        "jul_exterior_lighting": 0,
        "aug_exterior_lighting": 0,
        "sep_exterior_lighting": 0,
        "oct_exterior_lighting": 0,
        "nov_exterior_lighting": 0,
        "dec_exterior_lighting": 0,
        "jan_interior_equipment": 0,
        "feb_interior_equipment": 0,
        "mar_interior_equipment": 0,
        "apr_interior_equipment": 0,
        "may_interior_equipment": 0,
        "jun_interior_equipment": 0,
        "jul_interior_equipment": 0,
        "aug_interior_equipment": 0,
        "sep_interior_equipment": 0,
        "oct_interior_equipment": 0,
        "nov_interior_equipment": 0,
        "dec_interior_equipment": 0,
        "jan_exterior_equipment": 0,
        "feb_exterior_equipment": 0,
        "mar_exterior_equipment": 0,
        "apr_exterior_equipment": 0,
        "may_exterior_equipment": 0,
        "jun_exterior_equipment": 0,
        "jul_exterior_equipment": 0,
        "aug_exterior_equipment": 0,
        "sep_exterior_equipment": 0,
        "oct_exterior_equipment": 0,
        "nov_exterior_equipment": 0,
        "dec_exterior_equipment": 0,
        "jan_fans": 0,
        "feb_fans": 0,
        "mar_fans": 0,
        "apr_fans": 0,
        "may_fans": 0,
        "jun_fans": 0,
        "jul_fans": 0,
        "aug_fans": 0,
        "sep_fans": 0,
        "oct_fans": 0,
        "nov_fans": 0,
        "dec_fans": 0,
        "jan_pumps": 0,
        "feb_pumps": 0,
        "mar_pumps": 0,
        "apr_pumps": 0,
        "may_pumps": 0,
        "jun_pumps": 0,
        "jul_pumps": 0,
        "aug_pumps": 0,
        "sep_pumps": 0,
        "oct_pumps": 0,
        "nov_pumps": 0,
        "dec_pumps": 0,
        "jan_heat_rejection": 0,
        "feb_heat_rejection": 0,
        "mar_heat_rejection": 0,
        "apr_heat_rejection": 0,
        "may_heat_rejection": 0,
        "jun_heat_rejection": 0,
        "jul_heat_rejection": 0,
        "aug_heat_rejection": 0,
        "sep_heat_rejection": 0,
        "oct_heat_rejection": 0,
        "nov_heat_rejection": 0,
        "dec_heat_rejection": 0,
        "jan_humidification": 0,
        "feb_humidification": 0,
        "mar_humidification": 0,
        "apr_humidification": 0,
        "may_humidification": 0,
        "jun_humidification": 0,
        "jul_humidification": 0,
        "aug_humidification": 0,
        "sep_humidification": 0,
        "oct_humidification": 0,
        "nov_humidification": 0,
        "dec_humidification": 0,
        "jan_heat_recovery": 0,
        "feb_heat_recovery": 0,
        "mar_heat_recovery": 0,
        "apr_heat_recovery": 0,
        "may_heat_recovery": 0,
        "jun_heat_recovery": 0,
        "jul_heat_recovery": 0,
        "aug_heat_recovery": 0,
        "sep_heat_recovery": 0,
        "oct_heat_recovery": 0,
        "nov_heat_recovery": 0,
        "dec_heat_recovery": 0,
        "jan_water_systems": 0,
        "feb_water_systems": 0,
        "mar_water_systems": 0,
        "apr_water_systems": 0,
        "may_water_systems": 0,
        "jun_water_systems": 0,
        "jul_water_systems": 0,
        "aug_water_systems": 0,
        "sep_water_systems": 0,
        "oct_water_systems": 0,
        "nov_water_systems": 0,
        "dec_water_systems": 0,
        "jan_refrigeration": 0,
        "feb_refrigeration": 0,
        "mar_refrigeration": 0,
        "apr_refrigeration": 0,
        "may_refrigeration": 0,
        "jun_refrigeration": 0,
        "jul_refrigeration": 0,
        "aug_refrigeration": 0,
        "sep_refrigeration": 0,
        "oct_refrigeration": 0,
        "nov_refrigeration": 0,
        "dec_refrigeration": 0,
        "jan_generators": 0,
        "feb_generators": 0,
        "mar_generators": 0,
        "apr_generators": 0,
        "may_generators": 0,
        "jun_generators": 0,
        "jul_generators": 0,
        "aug_generators": 0,
        "sep_generators": 0,
        "oct_generators": 0,
        "nov_generators": 0,
        "dec_generators": 0
      },
      "Additional Fuel": {
        "units": "MBtu",
        "jan_heating": 0,
        "feb_heating": 0,
        "mar_heating": 0,
        "apr_heating": 0,
        "may_heating": 0,
        "jun_heating": 0,
        "jul_heating": 0,
        "aug_heating": 0,
        "sep_heating": 0,
        "oct_heating": 0,
        "nov_heating": 0,
        "dec_heating": 0,
        "jan_cooling": 0,
        "feb_cooling": 0,
        "mar_cooling": 0,
        "apr_cooling": 0,
        "may_cooling": 0,
        "jun_cooling": 0,
        "jul_cooling": 0,
        "aug_cooling": 0,
        "sep_cooling": 0,
        "oct_cooling": 0,
        "nov_cooling": 0,
        "dec_cooling": 0,
        "jan_interior_lighting": 0,
        "feb_interior_lighting": 0,
        "mar_interior_lighting": 0,
        "apr_interior_lighting": 0,
        "may_interior_lighting": 0,
        "jun_interior_lighting": 0,
        "jul_interior_lighting": 0,
        "aug_interior_lighting": 0,
        "sep_interior_lighting": 0,
        "oct_interior_lighting": 0,
        "nov_interior_lighting": 0,
        "dec_interior_lighting": 0,
        "jan_exterior_lighting": 0,
        "feb_exterior_lighting": 0,
        "mar_exterior_lighting": 0,
        "apr_exterior_lighting": 0,
        "may_exterior_lighting": 0,
        "jun_exterior_lighting": 0,
        "jul_exterior_lighting": 0,
        "aug_exterior_lighting": 0,
        "sep_exterior_lighting": 0,
        "oct_exterior_lighting": 0,
        "nov_exterior_lighting": 0,
        "dec_exterior_lighting": 0,
        "jan_interior_equipment": 0,
        "feb_interior_equipment": 0,
        "mar_interior_equipment": 0,
        "apr_interior_equipment": 0,
        "may_interior_equipment": 0,
        "jun_interior_equipment": 0,
        "jul_interior_equipment": 0,
        "aug_interior_equipment": 0,
        "sep_interior_equipment": 0,
        "oct_interior_equipment": 0,
        "nov_interior_equipment": 0,
        "dec_interior_equipment": 0,
        "jan_exterior_equipment": 0,
        "feb_exterior_equipment": 0,
        "mar_exterior_equipment": 0,
        "apr_exterior_equipment": 0,
        "may_exterior_equipment": 0,
        "jun_exterior_equipment": 0,
        "jul_exterior_equipment": 0,
        "aug_exterior_equipment": 0,
        "sep_exterior_equipment": 0,
        "oct_exterior_equipment": 0,
        "nov_exterior_equipment": 0,
        "dec_exterior_equipment": 0,
        "jan_fans": 0,
        "feb_fans": 0,
        "mar_fans": 0,
        "apr_fans": 0,
        "may_fans": 0,
        "jun_fans": 0,
        "jul_fans": 0,
        "aug_fans": 0,
        "sep_fans": 0,
        "oct_fans": 0,
        "nov_fans": 0,
        "dec_fans": 0,
        "jan_pumps": 0,
        "feb_pumps": 0,
        "mar_pumps": 0,
        "apr_pumps": 0,
        "may_pumps": 0,
        "jun_pumps": 0,
        "jul_pumps": 0,
        "aug_pumps": 0,
        "sep_pumps": 0,
        "oct_pumps": 0,
        "nov_pumps": 0,
        "dec_pumps": 0,
        "jan_heat_rejection": 0,
        "feb_heat_rejection": 0,
        "mar_heat_rejection": 0,
        "apr_heat_rejection": 0,
        "may_heat_rejection": 0,
        "jun_heat_rejection": 0,
        "jul_heat_rejection": 0,
        "aug_heat_rejection": 0,
        "sep_heat_rejection": 0,
        "oct_heat_rejection": 0,
        "nov_heat_rejection": 0,
        "dec_heat_rejection": 0,
        "jan_humidification": 0,
        "feb_humidification": 0,
        "mar_humidification": 0,
        "apr_humidification": 0,
        "may_humidification": 0,
        "jun_humidification": 0,
        "jul_humidification": 0,
        "aug_humidification": 0,
        "sep_humidification": 0,
        "oct_humidification": 0,
        "nov_humidification": 0,
        "dec_humidification": 0,
        "jan_heat_recovery": 0,
        "feb_heat_recovery": 0,
        "mar_heat_recovery": 0,
        "apr_heat_recovery": 0,
        "may_heat_recovery": 0,
        "jun_heat_recovery": 0,
        "jul_heat_recovery": 0,
        "aug_heat_recovery": 0,
        "sep_heat_recovery": 0,
        "oct_heat_recovery": 0,
        "nov_heat_recovery": 0,
        "dec_heat_recovery": 0,
        "jan_water_systems": 0,
        "feb_water_systems": 0,
        "mar_water_systems": 0,
        "apr_water_systems": 0,
        "may_water_systems": 0,
        "jun_water_systems": 0,
        "jul_water_systems": 0,
        "aug_water_systems": 0,
        "sep_water_systems": 0,
        "oct_water_systems": 0,
        "nov_water_systems": 0,
        "dec_water_systems": 0,
        "jan_refrigeration": 0,
        "feb_refrigeration": 0,
        "mar_refrigeration": 0,
        "apr_refrigeration": 0,
        "may_refrigeration": 0,
        "jun_refrigeration": 0,
        "jul_refrigeration": 0,
        "aug_refrigeration": 0,
        "sep_refrigeration": 0,
        "oct_refrigeration": 0,
        "nov_refrigeration": 0,
        "dec_refrigeration": 0,
        "jan_generators": 0,
        "feb_generators": 0,
        "mar_generators": 0,
        "apr_generators": 0,
        "may_generators": 0,
        "jun_generators": 0,
        "jul_generators": 0,
        "aug_generators": 0,
        "sep_generators": 0,
        "oct_generators": 0,
        "nov_generators": 0,
        "dec_generators": 0
      },
      "District Cooling": {
        "units": "MBtu",
        "jan_heating": 0,
        "feb_heating": 0,
        "mar_heating": 0,
        "apr_heating": 0,
        "may_heating": 0,
        "jun_heating": 0,
        "jul_heating": 0,
        "aug_heating": 0,
        "sep_heating": 0,
        "oct_heating": 0,
        "nov_heating": 0,
        "dec_heating": 0,
        "jan_cooling": 0.38,
        "feb_cooling": 0.2,
        "mar_cooling": 1.72,
        "apr_cooling": 3.97,
        "may_cooling": 10.59,
        "jun_cooling": 10.18,
        "jul_cooling": 14.68,
        "aug_cooling": 15.86,
        "sep_cooling": 11.68,
        "oct_cooling": 5.62,
        "nov_cooling": 1.32,
        "dec_cooling": 0.6,
        "jan_interior_lighting": 0,
        "feb_interior_lighting": 0,
        "mar_interior_lighting": 0,
        "apr_interior_lighting": 0,
        "may_interior_lighting": 0,
        "jun_interior_lighting": 0,
        "jul_interior_lighting": 0,
        "aug_interior_lighting": 0,
        "sep_interior_lighting": 0,
        "oct_interior_lighting": 0,
        "nov_interior_lighting": 0,
        "dec_interior_lighting": 0,
        "jan_exterior_lighting": 0,
        "feb_exterior_lighting": 0,
        "mar_exterior_lighting": 0,
        "apr_exterior_lighting": 0,
        "may_exterior_lighting": 0,
        "jun_exterior_lighting": 0,
        "jul_exterior_lighting": 0,
        "aug_exterior_lighting": 0,
        "sep_exterior_lighting": 0,
        "oct_exterior_lighting": 0,
        "nov_exterior_lighting": 0,
        "dec_exterior_lighting": 0,
        "jan_interior_equipment": 0,
        "feb_interior_equipment": 0,
        "mar_interior_equipment": 0,
        "apr_interior_equipment": 0,
        "may_interior_equipment": 0,
        "jun_interior_equipment": 0,
        "jul_interior_equipment": 0,
        "aug_interior_equipment": 0,
        "sep_interior_equipment": 0,
        "oct_interior_equipment": 0,
        "nov_interior_equipment": 0,
        "dec_interior_equipment": 0,
        "jan_exterior_equipment": 0,
        "feb_exterior_equipment": 0,
        "mar_exterior_equipment": 0,
        "apr_exterior_equipment": 0,
        "may_exterior_equipment": 0,
        "jun_exterior_equipment": 0,
        "jul_exterior_equipment": 0,
        "aug_exterior_equipment": 0,
        "sep_exterior_equipment": 0,
        "oct_exterior_equipment": 0,
        "nov_exterior_equipment": 0,
        "dec_exterior_equipment": 0,
        "jan_fans": 0,
        "feb_fans": 0,
        "mar_fans": 0,
        "apr_fans": 0,
        "may_fans": 0,
        "jun_fans": 0,
        "jul_fans": 0,
        "aug_fans": 0,
        "sep_fans": 0,
        "oct_fans": 0,
        "nov_fans": 0,
        "dec_fans": 0,
        "jan_pumps": 0,
        "feb_pumps": 0,
        "mar_pumps": 0,
        "apr_pumps": 0,
        "may_pumps": 0,
        "jun_pumps": 0,
        "jul_pumps": 0,
        "aug_pumps": 0,
        "sep_pumps": 0,
        "oct_pumps": 0,
        "nov_pumps": 0,
        "dec_pumps": 0,
        "jan_heat_rejection": 0,
        "feb_heat_rejection": 0,
        "mar_heat_rejection": 0,
        "apr_heat_rejection": 0,
        "may_heat_rejection": 0,
        "jun_heat_rejection": 0,
        "jul_heat_rejection": 0,
        "aug_heat_rejection": 0,
        "sep_heat_rejection": 0,
        "oct_heat_rejection": 0,
        "nov_heat_rejection": 0,
        "dec_heat_rejection": 0,
        "jan_humidification": 0,
        "feb_humidification": 0,
        "mar_humidification": 0,
        "apr_humidification": 0,
        "may_humidification": 0,
        "jun_humidification": 0,
        "jul_humidification": 0,
        "aug_humidification": 0,
        "sep_humidification": 0,
        "oct_humidification": 0,
        "nov_humidification": 0,
        "dec_humidification": 0,
        "jan_heat_recovery": 0,
        "feb_heat_recovery": 0,
        "mar_heat_recovery": 0,
        "apr_heat_recovery": 0,
        "may_heat_recovery": 0,
        "jun_heat_recovery": 0,
        "jul_heat_recovery": 0,
        "aug_heat_recovery": 0,
        "sep_heat_recovery": 0,
        "oct_heat_recovery": 0,
        "nov_heat_recovery": 0,
        "dec_heat_recovery": 0,
        "jan_water_systems": 0,
        "feb_water_systems": 0,
        "mar_water_systems": 0,
        "apr_water_systems": 0,
        "may_water_systems": 0,
        "jun_water_systems": 0,
        "jul_water_systems": 0,
        "aug_water_systems": 0,
        "sep_water_systems": 0,
        "oct_water_systems": 0,
        "nov_water_systems": 0,
        "dec_water_systems": 0,
        "jan_refrigeration": 0,
        "feb_refrigeration": 0,
        "mar_refrigeration": 0,
        "apr_refrigeration": 0,
        "may_refrigeration": 0,
        "jun_refrigeration": 0,
        "jul_refrigeration": 0,
        "aug_refrigeration": 0,
        "sep_refrigeration": 0,
        "oct_refrigeration": 0,
        "nov_refrigeration": 0,
        "dec_refrigeration": 0,
        "jan_generators": 0,
        "feb_generators": 0,
        "mar_generators": 0,
        "apr_generators": 0,
        "may_generators": 0,
        "jun_generators": 0,
        "jul_generators": 0,
        "aug_generators": 0,
        "sep_generators": 0,
        "oct_generators": 0,
        "nov_generators": 0,
        "dec_generators": 0
      },
      "District Heating": {
        "units": "MBtu",
        "jan_heating": 3.23,
        "feb_heating": 2.62,
        "mar_heating": 1.79,
        "apr_heating": 0.46,
        "may_heating": 0.0,
        "jun_heating": 0.0,
        "jul_heating": 0.0,
        "aug_heating": 0.0,
        "sep_heating": 0.0,
        "oct_heating": 0.28,
        "nov_heating": 1.46,
        "dec_heating": 3.97,
        "jan_cooling": 0,
        "feb_cooling": 0,
        "mar_cooling": 0,
        "apr_cooling": 0,
        "may_cooling": 0,
        "jun_cooling": 0,
        "jul_cooling": 0,
        "aug_cooling": 0,
        "sep_cooling": 0,
        "oct_cooling": 0,
        "nov_cooling": 0,
        "dec_cooling": 0,
        "jan_interior_lighting": 0,
        "feb_interior_lighting": 0,
        "mar_interior_lighting": 0,
        "apr_interior_lighting": 0,
        "may_interior_lighting": 0,
        "jun_interior_lighting": 0,
        "jul_interior_lighting": 0,
        "aug_interior_lighting": 0,
        "sep_interior_lighting": 0,
        "oct_interior_lighting": 0,
        "nov_interior_lighting": 0,
        "dec_interior_lighting": 0,
        "jan_exterior_lighting": 0,
        "feb_exterior_lighting": 0,
        "mar_exterior_lighting": 0,
        "apr_exterior_lighting": 0,
        "may_exterior_lighting": 0,
        "jun_exterior_lighting": 0,
        "jul_exterior_lighting": 0,
        "aug_exterior_lighting": 0,
        "sep_exterior_lighting": 0,
        "oct_exterior_lighting": 0,
        "nov_exterior_lighting": 0,
        "dec_exterior_lighting": 0,
        "jan_interior_equipment": 0,
        "feb_interior_equipment": 0,
        "mar_interior_equipment": 0,
        "apr_interior_equipment": 0,
        "may_interior_equipment": 0,
        "jun_interior_equipment": 0,
        "jul_interior_equipment": 0,
        "aug_interior_equipment": 0,
        "sep_interior_equipment": 0,
        "oct_interior_equipment": 0,
        "nov_interior_equipment": 0,
        "dec_interior_equipment": 0,
        "jan_exterior_equipment": 0,
        "feb_exterior_equipment": 0,
        "mar_exterior_equipment": 0,
        "apr_exterior_equipment": 0,
        "may_exterior_equipment": 0,
        "jun_exterior_equipment": 0,
        "jul_exterior_equipment": 0,
        "aug_exterior_equipment": 0,
        "sep_exterior_equipment": 0,
        "oct_exterior_equipment": 0,
        "nov_exterior_equipment": 0,
        "dec_exterior_equipment": 0,
        "jan_fans": 0,
        "feb_fans": 0,
        "mar_fans": 0,
        "apr_fans": 0,
        "may_fans": 0,
        "jun_fans": 0,
        "jul_fans": 0,
        "aug_fans": 0,
        "sep_fans": 0,
        "oct_fans": 0,
        "nov_fans": 0,
        "dec_fans": 0,
        "jan_pumps": 0,
        "feb_pumps": 0,
        "mar_pumps": 0,
        "apr_pumps": 0,
        "may_pumps": 0,
        "jun_pumps": 0,
        "jul_pumps": 0,
        "aug_pumps": 0,
        "sep_pumps": 0,
        "oct_pumps": 0,
        "nov_pumps": 0,
        "dec_pumps": 0,
        "jan_heat_rejection": 0,
        "feb_heat_rejection": 0,
        "mar_heat_rejection": 0,
        "apr_heat_rejection": 0,
        "may_heat_rejection": 0,
        "jun_heat_rejection": 0,
        "jul_heat_rejection": 0,
        "aug_heat_rejection": 0,
        "sep_heat_rejection": 0,
        "oct_heat_rejection": 0,
        "nov_heat_rejection": 0,
        "dec_heat_rejection": 0,
        "jan_humidification": 0,
        "feb_humidification": 0,
        "mar_humidification": 0,
        "apr_humidification": 0,
        "may_humidification": 0,
        "jun_humidification": 0,
        "jul_humidification": 0,
        "aug_humidification": 0,
        "sep_humidification": 0,
        "oct_humidification": 0,
        "nov_humidification": 0,
        "dec_humidification": 0,
        "jan_heat_recovery": 0,
        "feb_heat_recovery": 0,
        "mar_heat_recovery": 0,
        "apr_heat_recovery": 0,
        "may_heat_recovery": 0,
        "jun_heat_recovery": 0,
        "jul_heat_recovery": 0,
        "aug_heat_recovery": 0,
        "sep_heat_recovery": 0,
        "oct_heat_recovery": 0,
        "nov_heat_recovery": 0,
        "dec_heat_recovery": 0,
        "jan_water_systems": 0,
        "feb_water_systems": 0,
        "mar_water_systems": 0,
        "apr_water_systems": 0,
        "may_water_systems": 0,
        "jun_water_systems": 0,
        "jul_water_systems": 0,
        "aug_water_systems": 0,
        "sep_water_systems": 0,
        "oct_water_systems": 0,
        "nov_water_systems": 0,
        "dec_water_systems": 0,
        "jan_refrigeration": 0,
        "feb_refrigeration": 0,
        "mar_refrigeration": 0,
        "apr_refrigeration": 0,
        "may_refrigeration": 0,
        "jun_refrigeration": 0,
        "jul_refrigeration": 0,
        "aug_refrigeration": 0,
        "sep_refrigeration": 0,
        "oct_refrigeration": 0,
        "nov_refrigeration": 0,
        "dec_refrigeration": 0,
        "jan_generators": 0,
        "feb_generators": 0,
        "mar_generators": 0,
        "apr_generators": 0,
        "may_generators": 0,
        "jun_generators": 0,
        "jul_generators": 0,
        "aug_generators": 0,
        "sep_generators": 0,
        "oct_generators": 0,
        "nov_generators": 0,
        "dec_generators": 0
      },
      "Water": {
        "units": "MBtu",
        "jan_heating": 0,
        "feb_heating": 0,
        "mar_heating": 0,
        "apr_heating": 0,
        "may_heating": 0,
        "jun_heating": 0,
        "jul_heating": 0,
        "aug_heating": 0,
        "sep_heating": 0,
        "oct_heating": 0,
        "nov_heating": 0,
        "dec_heating": 0,
        "jan_cooling": 0,
        "feb_cooling": 0,
        "mar_cooling": 0,
        "apr_cooling": 0,
        "may_cooling": 0,
        "jun_cooling": 0,
        "jul_cooling": 0,
        "aug_cooling": 0,
        "sep_cooling": 0,
        "oct_cooling": 0,
        "nov_cooling": 0,
        "dec_cooling": 0,
        "jan_interior_lighting": 0,
        "feb_interior_lighting": 0,
        "mar_interior_lighting": 0,
        "apr_interior_lighting": 0,
        "may_interior_lighting": 0,
        "jun_interior_lighting": 0,
        "jul_interior_lighting": 0,
        "aug_interior_lighting": 0,
        "sep_interior_lighting": 0,
        "oct_interior_lighting": 0,
        "nov_interior_lighting": 0,
        "dec_interior_lighting": 0,
        "jan_exterior_lighting": 0,
        "feb_exterior_lighting": 0,
        "mar_exterior_lighting": 0,
        "apr_exterior_lighting": 0,
        "may_exterior_lighting": 0,
        "jun_exterior_lighting": 0,
        "jul_exterior_lighting": 0,
        "aug_exterior_lighting": 0,
        "sep_exterior_lighting": 0,
        "oct_exterior_lighting": 0,
        "nov_exterior_lighting": 0,
        "dec_exterior_lighting": 0,
        "jan_interior_equipment": 0,
        "feb_interior_equipment": 0,
        "mar_interior_equipment": 0,
        "apr_interior_equipment": 0,
        "may_interior_equipment": 0,
        "jun_interior_equipment": 0,
        "jul_interior_equipment": 0,
        "aug_interior_equipment": 0,
        "sep_interior_equipment": 0,
        "oct_interior_equipment": 0,
        "nov_interior_equipment": 0,
        "dec_interior_equipment": 0,
        "jan_exterior_equipment": 0,
        "feb_exterior_equipment": 0,
        "mar_exterior_equipment": 0,
        "apr_exterior_equipment": 0,
        "may_exterior_equipment": 0,
        "jun_exterior_equipment": 0,
        "jul_exterior_equipment": 0,
        "aug_exterior_equipment": 0,
        "sep_exterior_equipment": 0,
        "oct_exterior_equipment": 0,
        "nov_exterior_equipment": 0,
        "dec_exterior_equipment": 0,
        "jan_fans": 0,
        "feb_fans": 0,
        "mar_fans": 0,
        "apr_fans": 0,
        "may_fans": 0,
        "jun_fans": 0,
        "jul_fans": 0,
        "aug_fans": 0,
        "sep_fans": 0,
        "oct_fans": 0,
        "nov_fans": 0,
        "dec_fans": 0,
        "jan_pumps": 0,
        "feb_pumps": 0,
        "mar_pumps": 0,
        "apr_pumps": 0,
        "may_pumps": 0,
        "jun_pumps": 0,
        "jul_pumps": 0,
        "aug_pumps": 0,
        "sep_pumps": 0,
        "oct_pumps": 0,
        "nov_pumps": 0,
        "dec_pumps": 0,
        "jan_heat_rejection": 0,
        "feb_heat_rejection": 0,
        "mar_heat_rejection": 0,
        "apr_heat_rejection": 0,
        "may_heat_rejection": 0,
        "jun_heat_rejection": 0,
        "jul_heat_rejection": 0,
        "aug_heat_rejection": 0,
        "sep_heat_rejection": 0,
        "oct_heat_rejection": 0,
        "nov_heat_rejection": 0,
        "dec_heat_rejection": 0,
        "jan_humidification": 0,
        "feb_humidification": 0,
        "mar_humidification": 0,
        "apr_humidification": 0,
        "may_humidification": 0,
        "jun_humidification": 0,
        "jul_humidification": 0,
        "aug_humidification": 0,
        "sep_humidification": 0,
        "oct_humidification": 0,
        "nov_humidification": 0,
        "dec_humidification": 0,
        "jan_heat_recovery": 0,
        "feb_heat_recovery": 0,
        "mar_heat_recovery": 0,
        "apr_heat_recovery": 0,
        "may_heat_recovery": 0,
        "jun_heat_recovery": 0,
        "jul_heat_recovery": 0,
        "aug_heat_recovery": 0,
        "sep_heat_recovery": 0,
        "oct_heat_recovery": 0,
        "nov_heat_recovery": 0,
        "dec_heat_recovery": 0,
        "jan_water_systems": 0,
        "feb_water_systems": 0,
        "mar_water_systems": 0,
        "apr_water_systems": 0,
        "may_water_systems": 0,
        "jun_water_systems": 0,
        "jul_water_systems": 0,
        "aug_water_systems": 0,
        "sep_water_systems": 0,
        "oct_water_systems": 0,
        "nov_water_systems": 0,
        "dec_water_systems": 0,
        "jan_refrigeration": 0,
        "feb_refrigeration": 0,
        "mar_refrigeration": 0,
        "apr_refrigeration": 0,
        "may_refrigeration": 0,
        "jun_refrigeration": 0,
        "jul_refrigeration": 0,
        "aug_refrigeration": 0,
        "sep_refrigeration": 0,
        "oct_refrigeration": 0,
        "nov_refrigeration": 0,
        "dec_refrigeration": 0,
        "jan_generators": 0,
        "feb_generators": 0,
        "mar_generators": 0,
        "apr_generators": 0,
        "may_generators": 0,
        "jun_generators": 0,
        "jul_generators": 0,
        "aug_generators": 0,
        "sep_generators": 0,
        "oct_generators": 0,
        "nov_generators": 0,
        "dec_generators": 0
      }
    },
    "building_energy_performance_peak_tables": {
      "Electricity": {
        "units": "kW",
        "jan_heating": 0,
        "feb_heating": 0,
        "mar_heating": 0,
        "apr_heating": 0,
        "may_heating": 0,
        "jun_heating": 0,
        "jul_heating": 0,
        "aug_heating": 0,
        "sep_heating": 0,
        "oct_heating": 0,
        "nov_heating": 0,
        "dec_heating": 0,
        "jan_cooling": 0,
        "feb_cooling": 0,
        "mar_cooling": 0,
        "apr_cooling": 0,
        "may_cooling": 0,
        "jun_cooling": 0,
        "jul_cooling": 0,
        "aug_cooling": 0,
        "sep_cooling": 0,
        "oct_cooling": 0,
        "nov_cooling": 0,
        "dec_cooling": 0,
        "jan_interior_lighting": 0.75,
        "feb_interior_lighting": 0.75,
        "mar_interior_lighting": 0.75,
        "apr_interior_lighting": 0.75,
        "may_interior_lighting": 0.75,
        "jun_interior_lighting": 0.75,
        "jul_interior_lighting": 0.75,
        "aug_interior_lighting": 0.75,
        "sep_interior_lighting": 0.75,
        "oct_interior_lighting": 0.75,
        "nov_interior_lighting": 0.75,
        "dec_interior_lighting": 0.75,
        "jan_exterior_lighting": 0,
        "feb_exterior_lighting": 0,
        "mar_exterior_lighting": 0,
        "apr_exterior_lighting": 0,
        "may_exterior_lighting": 0,
        "jun_exterior_lighting": 0,
        "jul_exterior_lighting": 0,
        "aug_exterior_lighting": 0,
        "sep_exterior_lighting": 0,
        "oct_exterior_lighting": 0,
        "nov_exterior_lighting": 0,
        "dec_exterior_lighting": 0,
        "jan_interior_equipment": 0.69,
        "feb_interior_equipment": 0.69,
        "mar_interior_equipment": 0.69,
        "apr_interior_equipment": 0.69,
        "may_interior_equipment": 0.69,
        "jun_interior_equipment": 0.69,
        "jul_interior_equipment": 0.69,
        "aug_interior_equipment": 0.69,
        "sep_interior_equipment": 0.69,
        "oct_interior_equipment": 0.69,
        "nov_interior_equipment": 0.69,
        "dec_interior_equipment": 0.69,
        "jan_exterior_equipment": 0,
        "feb_exterior_equipment": 0,
        "mar_exterior_equipment": 0,
        "apr_exterior_equipment": 0,
        "may_exterior_equipment": 0,
        "jun_exterior_equipment": 0,
        "jul_exterior_equipment": 0,
        "aug_exterior_equipment": 0,
        "sep_exterior_equipment": 0,
        "oct_exterior_equipment": 0,
        "nov_exterior_equipment": 0,
        "dec_exterior_equipment": 0,
        "jan_fans": 0,
        "feb_fans": 0,
        "mar_fans": 0,
        "apr_fans": 0,
        "may_fans": 0,
        "jun_fans": 0,
        "jul_fans": 0,
        "aug_fans": 0,
        "sep_fans": 0,
        "oct_fans": 0,
        "nov_fans": 0,
        "dec_fans": 0,
        "jan_pumps": 0,
        "feb_pumps": 0,
        "mar_pumps": 0,
        "apr_pumps": 0,
        "may_pumps": 0,
        "jun_pumps": 0,
        "jul_pumps": 0,
        "aug_pumps": 0,
        "sep_pumps": 0,
        "oct_pumps": 0,
        "nov_pumps": 0,
        "dec_pumps": 0,
        "jan_heat_rejection": 0,
        "feb_heat_rejection": 0,
        "mar_heat_rejection": 0,
        "apr_heat_rejection": 0,
        "may_heat_rejection": 0,
        "jun_heat_rejection": 0,
        "jul_heat_rejection": 0,
        "aug_heat_rejection": 0,
        "sep_heat_rejection": 0,
        "oct_heat_rejection": 0,
        "nov_heat_rejection": 0,
        "dec_heat_rejection": 0,
        "jan_humidification": 0,
        "feb_humidification": 0,
        "mar_humidification": 0,
        "apr_humidification": 0,
        "may_humidification": 0,
        "jun_humidification": 0,
        "jul_humidification": 0,
        "aug_humidification": 0,
        "sep_humidification": 0,
        "oct_humidification": 0,
        "nov_humidification": 0,
        "dec_humidification": 0,
        "jan_heat_recovery": 0,
        "feb_heat_recovery": 0,
        "mar_heat_recovery": 0,
        "apr_heat_recovery": 0,
        "may_heat_recovery": 0,
        "jun_heat_recovery": 0,
        "jul_heat_recovery": 0,
        "aug_heat_recovery": 0,
        "sep_heat_recovery": 0,
        "oct_heat_recovery": 0,
        "nov_heat_recovery": 0,
        "dec_heat_recovery": 0,
        "jan_water_systems": 0,
        "feb_water_systems": 0,
        "mar_water_systems": 0,
        "apr_water_systems": 0,
        "may_water_systems": 0,
        "jun_water_systems": 0,
        "jul_water_systems": 0,
        "aug_water_systems": 0,
        "sep_water_systems": 0,
        "oct_water_systems": 0,
        "nov_water_systems": 0,
        "dec_water_systems": 0,
        "jan_refrigeration": 0,
        "feb_refrigeration": 0,
        "mar_refrigeration": 0,
        "apr_refrigeration": 0,
        "may_refrigeration": 0,
        "jun_refrigeration": 0,
        "jul_refrigeration": 0,
        "aug_refrigeration": 0,
        "sep_refrigeration": 0,
        "oct_refrigeration": 0,
        "nov_refrigeration": 0,
        "dec_refrigeration": 0,
        "jan_generators": 0,
        "feb_generators": 0,
        "mar_generators": 0,
        "apr_generators": 0,
        "may_generators": 0,
        "jun_generators": 0,
        "jul_generators": 0,
        "aug_generators": 0,
        "sep_generators": 0,
        "oct_generators": 0,
        "nov_generators": 0,
        "dec_generators": 0
      },
      "Natural Gas": {
        "units": "kBtu/hr",
        "jan_heating": 0,
        "feb_heating": 0,
        "mar_heating": 0,
        "apr_heating": 0,
        "may_heating": 0,
        "jun_heating": 0,
        "jul_heating": 0,
        "aug_heating": 0,
        "sep_heating": 0,
        "oct_heating": 0,
        "nov_heating": 0,
        "dec_heating": 0,
        "jan_cooling": 0,
        "feb_cooling": 0,
        "mar_cooling": 0,
        "apr_cooling": 0,
        "may_cooling": 0,
        "jun_cooling": 0,
        "jul_cooling": 0,
        "aug_cooling": 0,
        "sep_cooling": 0,
        "oct_cooling": 0,
        "nov_cooling": 0,
        "dec_cooling": 0,
        "jan_interior_lighting": 0,
        "feb_interior_lighting": 0,
        "mar_interior_lighting": 0,
        "apr_interior_lighting": 0,
        "may_interior_lighting": 0,
        "jun_interior_lighting": 0,
        "jul_interior_lighting": 0,
        "aug_interior_lighting": 0,
        "sep_interior_lighting": 0,
        "oct_interior_lighting": 0,
        "nov_interior_lighting": 0,
        "dec_interior_lighting": 0,
        "jan_exterior_lighting": 0,
        "feb_exterior_lighting": 0,
        "mar_exterior_lighting": 0,
        "apr_exterior_lighting": 0,
        "may_exterior_lighting": 0,
        "jun_exterior_lighting": 0,
        "jul_exterior_lighting": 0,
        "aug_exterior_lighting": 0,
        "sep_exterior_lighting": 0,
        "oct_exterior_lighting": 0,
        "nov_exterior_lighting": 0,
        "dec_exterior_lighting": 0,
        "jan_interior_equipment": 0,
        "feb_interior_equipment": 0,
        "mar_interior_equipment": 0,
        "apr_interior_equipment": 0,
        "may_interior_equipment": 0,
        "jun_interior_equipment": 0,
        "jul_interior_equipment": 0,
        "aug_interior_equipment": 0,
        "sep_interior_equipment": 0,
        "oct_interior_equipment": 0,
        "nov_interior_equipment": 0,
        "dec_interior_equipment": 0,
        "jan_exterior_equipment": 0,
        "feb_exterior_equipment": 0,
        "mar_exterior_equipment": 0,
        "apr_exterior_equipment": 0,
        "may_exterior_equipment": 0,
        "jun_exterior_equipment": 0,
        "jul_exterior_equipment": 0,
        "aug_exterior_equipment": 0,
        "sep_exterior_equipment": 0,
        "oct_exterior_equipment": 0,
        "nov_exterior_equipment": 0,
        "dec_exterior_equipment": 0,
        "jan_fans": 0,
        "feb_fans": 0,
        "mar_fans": 0,
        "apr_fans": 0,
        "may_fans": 0,
        "jun_fans": 0,
        "jul_fans": 0,
        "aug_fans": 0,
        "sep_fans": 0,
        "oct_fans": 0,
        "nov_fans": 0,
        "dec_fans": 0,
        "jan_pumps": 0,
        "feb_pumps": 0,
        "mar_pumps": 0,
        "apr_pumps": 0,
        "may_pumps": 0,
        "jun_pumps": 0,
        "jul_pumps": 0,
        "aug_pumps": 0,
        "sep_pumps": 0,
        "oct_pumps": 0,
        "nov_pumps": 0,
        "dec_pumps": 0,
        "jan_heat_rejection": 0,
        "feb_heat_rejection": 0,
        "mar_heat_rejection": 0,
        "apr_heat_rejection": 0,
        "may_heat_rejection": 0,
        "jun_heat_rejection": 0,
        "jul_heat_rejection": 0,
        "aug_heat_rejection": 0,
        "sep_heat_rejection": 0,
        "oct_heat_rejection": 0,
        "nov_heat_rejection": 0,
        "dec_heat_rejection": 0,
        "jan_humidification": 0,
        "feb_humidification": 0,
        "mar_humidification": 0,
        "apr_humidification": 0,
        "may_humidification": 0,
        "jun_humidification": 0,
        "jul_humidification": 0,
        "aug_humidification": 0,
        "sep_humidification": 0,
        "oct_humidification": 0,
        "nov_humidification": 0,
        "dec_humidification": 0,
        "jan_heat_recovery": 0,
        "feb_heat_recovery": 0,
        "mar_heat_recovery": 0,
        "apr_heat_recovery": 0,
        "may_heat_recovery": 0,
        "jun_heat_recovery": 0,
        "jul_heat_recovery": 0,
        "aug_heat_recovery": 0,
        "sep_heat_recovery": 0,
        "oct_heat_recovery": 0,
        "nov_heat_recovery": 0,
        "dec_heat_recovery": 0,
        "jan_water_systems": 0,
        "feb_water_systems": 0,
        "mar_water_systems": 0,
        "apr_water_systems": 0,
        "may_water_systems": 0,
        "jun_water_systems": 0,
        "jul_water_systems": 0,
        "aug_water_systems": 0,
        "sep_water_systems": 0,
        "oct_water_systems": 0,
        "nov_water_systems": 0,
        "dec_water_systems": 0,
        "jan_refrigeration": 0,
        "feb_refrigeration": 0,
        "mar_refrigeration": 0,
        "apr_refrigeration": 0,
        "may_refrigeration": 0,
        "jun_refrigeration": 0,
        "jul_refrigeration": 0,
        "aug_refrigeration": 0,
        "sep_refrigeration": 0,
        "oct_refrigeration": 0,
        "nov_refrigeration": 0,
        "dec_refrigeration": 0,
        "jan_generators": 0,
        "feb_generators": 0,
        "mar_generators": 0,
        "apr_generators": 0,
        "may_generators": 0,
        "jun_generators": 0,
        "jul_generators": 0,
        "aug_generators": 0,
        "sep_generators": 0,
        "oct_generators": 0,
        "nov_generators": 0,
        "dec_generators": 0
      },
      "Additional Fuel": {
        "units": "kBtu/hr",
        "jan_heating": 0,
        "feb_heating": 0,
        "mar_heating": 0,
        "apr_heating": 0,
        "may_heating": 0,
        "jun_heating": 0,
        "jul_heating": 0,
        "aug_heating": 0,
        "sep_heating": 0,
        "oct_heating": 0,
        "nov_heating": 0,
        "dec_heating": 0,
        "jan_cooling": 0,
        "feb_cooling": 0,
        "mar_cooling": 0,
        "apr_cooling": 0,
        "may_cooling": 0,
        "jun_cooling": 0,
        "jul_cooling": 0,
        "aug_cooling": 0,
        "sep_cooling": 0,
        "oct_cooling": 0,
        "nov_cooling": 0,
        "dec_cooling": 0,
        "jan_interior_lighting": 0,
        "feb_interior_lighting": 0,
        "mar_interior_lighting": 0,
        "apr_interior_lighting": 0,
        "may_interior_lighting": 0,
        "jun_interior_lighting": 0,
        "jul_interior_lighting": 0,
        "aug_interior_lighting": 0,
        "sep_interior_lighting": 0,
        "oct_interior_lighting": 0,
        "nov_interior_lighting": 0,
        "dec_interior_lighting": 0,
        "jan_exterior_lighting": 0,
        "feb_exterior_lighting": 0,
        "mar_exterior_lighting": 0,
        "apr_exterior_lighting": 0,
        "may_exterior_lighting": 0,
        "jun_exterior_lighting": 0,
        "jul_exterior_lighting": 0,
        "aug_exterior_lighting": 0,
        "sep_exterior_lighting": 0,
        "oct_exterior_lighting": 0,
        "nov_exterior_lighting": 0,
        "dec_exterior_lighting": 0,
        "jan_interior_equipment": 0,
        "feb_interior_equipment": 0,
        "mar_interior_equipment": 0,
        "apr_interior_equipment": 0,
        "may_interior_equipment": 0,
        "jun_interior_equipment": 0,
        "jul_interior_equipment": 0,
        "aug_interior_equipment": 0,
        "sep_interior_equipment": 0,
        "oct_interior_equipment": 0,
        "nov_interior_equipment": 0,
        "dec_interior_equipment": 0,
        "jan_exterior_equipment": 0,
        "feb_exterior_equipment": 0,
        "mar_exterior_equipment": 0,
        "apr_exterior_equipment": 0,
        "may_exterior_equipment": 0,
        "jun_exterior_equipment": 0,
        "jul_exterior_equipment": 0,
        "aug_exterior_equipment": 0,
        "sep_exterior_equipment": 0,
        "oct_exterior_equipment": 0,
        "nov_exterior_equipment": 0,
        "dec_exterior_equipment": 0,
        "jan_fans": 0,
        "feb_fans": 0,
        "mar_fans": 0,
        "apr_fans": 0,
        "may_fans": 0,
        "jun_fans": 0,
        "jul_fans": 0,
        "aug_fans": 0,
        "sep_fans": 0,
        "oct_fans": 0,
        "nov_fans": 0,
        "dec_fans": 0,
        "jan_pumps": 0,
        "feb_pumps": 0,
        "mar_pumps": 0,
        "apr_pumps": 0,
        "may_pumps": 0,
        "jun_pumps": 0,
        "jul_pumps": 0,
        "aug_pumps": 0,
        "sep_pumps": 0,
        "oct_pumps": 0,
        "nov_pumps": 0,
        "dec_pumps": 0,
        "jan_heat_rejection": 0,
        "feb_heat_rejection": 0,
        "mar_heat_rejection": 0,
        "apr_heat_rejection": 0,
        "may_heat_rejection": 0,
        "jun_heat_rejection": 0,
        "jul_heat_rejection": 0,
        "aug_heat_rejection": 0,
        "sep_heat_rejection": 0,
        "oct_heat_rejection": 0,
        "nov_heat_rejection": 0,
        "dec_heat_rejection": 0,
        "jan_humidification": 0,
        "feb_humidification": 0,
        "mar_humidification": 0,
        "apr_humidification": 0,
        "may_humidification": 0,
        "jun_humidification": 0,
        "jul_humidification": 0,
        "aug_humidification": 0,
        "sep_humidification": 0,
        "oct_humidification": 0,
        "nov_humidification": 0,
        "dec_humidification": 0,
        "jan_heat_recovery": 0,
        "feb_heat_recovery": 0,
        "mar_heat_recovery": 0,
        "apr_heat_recovery": 0,
        "may_heat_recovery": 0,
        "jun_heat_recovery": 0,
        "jul_heat_recovery": 0,
        "aug_heat_recovery": 0,
        "sep_heat_recovery": 0,
        "oct_heat_recovery": 0,
        "nov_heat_recovery": 0,
        "dec_heat_recovery": 0,
        "jan_water_systems": 0,
        "feb_water_systems": 0,
        "mar_water_systems": 0,
        "apr_water_systems": 0,
        "may_water_systems": 0,
        "jun_water_systems": 0,
        "jul_water_systems": 0,
        "aug_water_systems": 0,
        "sep_water_systems": 0,
        "oct_water_systems": 0,
        "nov_water_systems": 0,
        "dec_water_systems": 0,
        "jan_refrigeration": 0,
        "feb_refrigeration": 0,
        "mar_refrigeration": 0,
        "apr_refrigeration": 0,
        "may_refrigeration": 0,
        "jun_refrigeration": 0,
        "jul_refrigeration": 0,
        "aug_refrigeration": 0,
        "sep_refrigeration": 0,
        "oct_refrigeration": 0,
        "nov_refrigeration": 0,
        "dec_refrigeration": 0,
        "jan_generators": 0,
        "feb_generators": 0,
        "mar_generators": 0,
        "apr_generators": 0,
        "may_generators": 0,
        "jun_generators": 0,
        "jul_generators": 0,
        "aug_generators": 0,
        "sep_generators": 0,
        "oct_generators": 0,
        "nov_generators": 0,
        "dec_generators": 0
      },
      "District Cooling": {
        "units": "kBtu/hr",
        "jan_heating": 0,
        "feb_heating": 0,
        "mar_heating": 0,
        "apr_heating": 0,
        "may_heating": 0,
        "jun_heating": 0,
        "jul_heating": 0,
        "aug_heating": 0,
        "sep_heating": 0,
        "oct_heating": 0,
        "nov_heating": 0,
        "dec_heating": 0,
        "jan_cooling": 19.88,
        "feb_cooling": 13.36,
        "mar_cooling": 40.06,
        "apr_cooling": 37.51,
        "may_cooling": 42.51,
        "jun_cooling": 40.71,
        "jul_cooling": 44.03,
        "aug_cooling": 45.27,
        "sep_cooling": 46.43,
        "oct_cooling": 44.81,
        "nov_cooling": 34.51,
        "dec_cooling": 29.27,
        "jan_interior_lighting": 0,
        "feb_interior_lighting": 0,
        "mar_interior_lighting": 0,
        "apr_interior_lighting": 0,
        "may_interior_lighting": 0,
        "jun_interior_lighting": 0,
        "jul_interior_lighting": 0,
        "aug_interior_lighting": 0,
        "sep_interior_lighting": 0,
        "oct_interior_lighting": 0,
        "nov_interior_lighting": 0,
        "dec_interior_lighting": 0,
        "jan_exterior_lighting": 0,
        "feb_exterior_lighting": 0,
        "mar_exterior_lighting": 0,
        "apr_exterior_lighting": 0,
        "may_exterior_lighting": 0,
        "jun_exterior_lighting": 0,
        "jul_exterior_lighting": 0,
        "aug_exterior_lighting": 0,
        "sep_exterior_lighting": 0,
        "oct_exterior_lighting": 0,
        "nov_exterior_lighting": 0,
        "dec_exterior_lighting": 0,
        "jan_interior_equipment": 0,
        "feb_interior_equipment": 0,
        "mar_interior_equipment": 0,
        "apr_interior_equipment": 0,
        "may_interior_equipment": 0,
        "jun_interior_equipment": 0,
        "jul_interior_equipment": 0,
        "aug_interior_equipment": 0,
        "sep_interior_equipment": 0,
        "oct_interior_equipment": 0,
        "nov_interior_equipment": 0,
        "dec_interior_equipment": 0,
        "jan_exterior_equipment": 0,
        "feb_exterior_equipment": 0,
        "mar_exterior_equipment": 0,
        "apr_exterior_equipment": 0,
        "may_exterior_equipment": 0,
        "jun_exterior_equipment": 0,
        "jul_exterior_equipment": 0,
        "aug_exterior_equipment": 0,
        "sep_exterior_equipment": 0,
        "oct_exterior_equipment": 0,
        "nov_exterior_equipment": 0,
        "dec_exterior_equipment": 0,
        "jan_fans": 0,
        "feb_fans": 0,
        "mar_fans": 0,
        "apr_fans": 0,
        "may_fans": 0,
        "jun_fans": 0,
        "jul_fans": 0,
        "aug_fans": 0,
        "sep_fans": 0,
        "oct_fans": 0,
        "nov_fans": 0,
        "dec_fans": 0,
        "jan_pumps": 0,
        "feb_pumps": 0,
        "mar_pumps": 0,
        "apr_pumps": 0,
        "may_pumps": 0,
        "jun_pumps": 0,
        "jul_pumps": 0,
        "aug_pumps": 0,
        "sep_pumps": 0,
        "oct_pumps": 0,
        "nov_pumps": 0,
        "dec_pumps": 0,
        "jan_heat_rejection": 0,
        "feb_heat_rejection": 0,
        "mar_heat_rejection": 0,
        "apr_heat_rejection": 0,
        "may_heat_rejection": 0,
        "jun_heat_rejection": 0,
        "jul_heat_rejection": 0,
        "aug_heat_rejection": 0,
        "sep_heat_rejection": 0,
        "oct_heat_rejection": 0,
        "nov_heat_rejection": 0,
        "dec_heat_rejection": 0,
        "jan_humidification": 0,
        "feb_humidification": 0,
        "mar_humidification": 0,
        "apr_humidification": 0,
        "may_humidification": 0,
        "jun_humidification": 0,
        "jul_humidification": 0,
        "aug_humidification": 0,
        "sep_humidification": 0,
        "oct_humidification": 0,
        "nov_humidification": 0,
        "dec_humidification": 0,
        "jan_heat_recovery": 0,
        "feb_heat_recovery": 0,
        "mar_heat_recovery": 0,
        "apr_heat_recovery": 0,
        "may_heat_recovery": 0,
        "jun_heat_recovery": 0,
        "jul_heat_recovery": 0,
        "aug_heat_recovery": 0,
        "sep_heat_recovery": 0,
        "oct_heat_recovery": 0,
        "nov_heat_recovery": 0,
        "dec_heat_recovery": 0,
        "jan_water_systems": 0,
        "feb_water_systems": 0,
        "mar_water_systems": 0,
        "apr_water_systems": 0,
        "may_water_systems": 0,
        "jun_water_systems": 0,
        "jul_water_systems": 0,
        "aug_water_systems": 0,
        "sep_water_systems": 0,
        "oct_water_systems": 0,
        "nov_water_systems": 0,
        "dec_water_systems": 0,
        "jan_refrigeration": 0,
        "feb_refrigeration": 0,
        "mar_refrigeration": 0,
        "apr_refrigeration": 0,
        "may_refrigeration": 0,
        "jun_refrigeration": 0,
        "jul_refrigeration": 0,
        "aug_refrigeration": 0,
        "sep_refrigeration": 0,
        "oct_refrigeration": 0,
        "nov_refrigeration": 0,
        "dec_refrigeration": 0,
        "jan_generators": 0,
        "feb_generators": 0,
        "mar_generators": 0,
        "apr_generators": 0,
        "may_generators": 0,
        "jun_generators": 0,
        "jul_generators": 0,
        "aug_generators": 0,
        "sep_generators": 0,
        "oct_generators": 0,
        "nov_generators": 0,
        "dec_generators": 0
      },
      "District Heating": {
        "units": "kBtu/hr",
        "jan_heating": 23.5,
        "feb_heating": 18.08,
        "mar_heating": 19.02,
        "apr_heating": 13.42,
        "may_heating": 0.12,
        "jun_heating": 0.0,
        "jul_heating": 0.0,
        "aug_heating": 0.0,
        "sep_heating": 0.6,
        "oct_heating": 9.4,
        "nov_heating": 16.19,
        "dec_heating": 22.72,
        "jan_cooling": 0,
        "feb_cooling": 0,
        "mar_cooling": 0,
        "apr_cooling": 0,
        "may_cooling": 0,
        "jun_cooling": 0,
        "jul_cooling": 0,
        "aug_cooling": 0,
        "sep_cooling": 0,
        "oct_cooling": 0,
        "nov_cooling": 0,
        "dec_cooling": 0,
        "jan_interior_lighting": 0,
        "feb_interior_lighting": 0,
        "mar_interior_lighting": 0,
        "apr_interior_lighting": 0,
        "may_interior_lighting": 0,
        "jun_interior_lighting": 0,
        "jul_interior_lighting": 0,
        "aug_interior_lighting": 0,
        "sep_interior_lighting": 0,
        "oct_interior_lighting": 0,
        "nov_interior_lighting": 0,
        "dec_interior_lighting": 0,
        "jan_exterior_lighting": 0,
        "feb_exterior_lighting": 0,
        "mar_exterior_lighting": 0,
        "apr_exterior_lighting": 0,
        "may_exterior_lighting": 0,
        "jun_exterior_lighting": 0,
        "jul_exterior_lighting": 0,
        "aug_exterior_lighting": 0,
        "sep_exterior_lighting": 0,
        "oct_exterior_lighting": 0,
        "nov_exterior_lighting": 0,
        "dec_exterior_lighting": 0,
        "jan_interior_equipment": 0,
        "feb_interior_equipment": 0,
        "mar_interior_equipment": 0,
        "apr_interior_equipment": 0,
        "may_interior_equipment": 0,
        "jun_interior_equipment": 0,
        "jul_interior_equipment": 0,
        "aug_interior_equipment": 0,
        "sep_interior_equipment": 0,
        "oct_interior_equipment": 0,
        "nov_interior_equipment": 0,
        "dec_interior_equipment": 0,
        "jan_exterior_equipment": 0,
        "feb_exterior_equipment": 0,
        "mar_exterior_equipment": 0,
        "apr_exterior_equipment": 0,
        "may_exterior_equipment": 0,
        "jun_exterior_equipment": 0,
        "jul_exterior_equipment": 0,
        "aug_exterior_equipment": 0,
        "sep_exterior_equipment": 0,
        "oct_exterior_equipment": 0,
        "nov_exterior_equipment": 0,
        "dec_exterior_equipment": 0,
        "jan_fans": 0,
        "feb_fans": 0,
        "mar_fans": 0,
        "apr_fans": 0,
        "may_fans": 0,
        "jun_fans": 0,
        "jul_fans": 0,
        "aug_fans": 0,
        "sep_fans": 0,
        "oct_fans": 0,
        "nov_fans": 0,
        "dec_fans": 0,
        "jan_pumps": 0,
        "feb_pumps": 0,
        "mar_pumps": 0,
        "apr_pumps": 0,
        "may_pumps": 0,
        "jun_pumps": 0,
        "jul_pumps": 0,
        "aug_pumps": 0,
        "sep_pumps": 0,
        "oct_pumps": 0,
        "nov_pumps": 0,
        "dec_pumps": 0,
        "jan_heat_rejection": 0,
        "feb_heat_rejection": 0,
        "mar_heat_rejection": 0,
        "apr_heat_rejection": 0,
        "may_heat_rejection": 0,
        "jun_heat_rejection": 0,
        "jul_heat_rejection": 0,
        "aug_heat_rejection": 0,
        "sep_heat_rejection": 0,
        "oct_heat_rejection": 0,
        "nov_heat_rejection": 0,
        "dec_heat_rejection": 0,
        "jan_humidification": 0,
        "feb_humidification": 0,
        "mar_humidification": 0,
        "apr_humidification": 0,
        "may_humidification": 0,
        "jun_humidification": 0,
        "jul_humidification": 0,
        "aug_humidification": 0,
        "sep_humidification": 0,
        "oct_humidification": 0,
        "nov_humidification": 0,
        "dec_humidification": 0,
        "jan_heat_recovery": 0,
        "feb_heat_recovery": 0,
        "mar_heat_recovery": 0,
        "apr_heat_recovery": 0,
        "may_heat_recovery": 0,
        "jun_heat_recovery": 0,
        "jul_heat_recovery": 0,
        "aug_heat_recovery": 0,
        "sep_heat_recovery": 0,
        "oct_heat_recovery": 0,
        "nov_heat_recovery": 0,
        "dec_heat_recovery": 0,
        "jan_water_systems": 0,
        "feb_water_systems": 0,
        "mar_water_systems": 0,
        "apr_water_systems": 0,
        "may_water_systems": 0,
        "jun_water_systems": 0,
        "jul_water_systems": 0,
        "aug_water_systems": 0,
        "sep_water_systems": 0,
        "oct_water_systems": 0,
        "nov_water_systems": 0,
        "dec_water_systems": 0,
        "jan_refrigeration": 0,
        "feb_refrigeration": 0,
        "mar_refrigeration": 0,
        "apr_refrigeration": 0,
        "may_refrigeration": 0,
        "jun_refrigeration": 0,
        "jul_refrigeration": 0,
        "aug_refrigeration": 0,
        "sep_refrigeration": 0,
        "oct_refrigeration": 0,
        "nov_refrigeration": 0,
        "dec_refrigeration": 0,
        "jan_generators": 0,
        "feb_generators": 0,
        "mar_generators": 0,
        "apr_generators": 0,
        "may_generators": 0,
        "jun_generators": 0,
        "jul_generators": 0,
        "aug_generators": 0,
        "sep_generators": 0,
        "oct_generators": 0,
        "nov_generators": 0,
        "dec_generators": 0
      },
      "Water": {
        "units": "kBtu/hr",
        "jan_heating": 0,
        "feb_heating": 0,
        "mar_heating": 0,
        "apr_heating": 0,
        "may_heating": 0,
        "jun_heating": 0,
        "jul_heating": 0,
        "aug_heating": 0,
        "sep_heating": 0,
        "oct_heating": 0,
        "nov_heating": 0,
        "dec_heating": 0,
        "jan_cooling": 0,
        "feb_cooling": 0,
        "mar_cooling": 0,
        "apr_cooling": 0,
        "may_cooling": 0,
        "jun_cooling": 0,
        "jul_cooling": 0,
        "aug_cooling": 0,
        "sep_cooling": 0,
        "oct_cooling": 0,
        "nov_cooling": 0,
        "dec_cooling": 0,
        "jan_interior_lighting": 0,
        "feb_interior_lighting": 0,
        "mar_interior_lighting": 0,
        "apr_interior_lighting": 0,
        "may_interior_lighting": 0,
        "jun_interior_lighting": 0,
        "jul_interior_lighting": 0,
        "aug_interior_lighting": 0,
        "sep_interior_lighting": 0,
        "oct_interior_lighting": 0,
        "nov_interior_lighting": 0,
        "dec_interior_lighting": 0,
        "jan_exterior_lighting": 0,
        "feb_exterior_lighting": 0,
        "mar_exterior_lighting": 0,
        "apr_exterior_lighting": 0,
        "may_exterior_lighting": 0,
        "jun_exterior_lighting": 0,
        "jul_exterior_lighting": 0,
        "aug_exterior_lighting": 0,
        "sep_exterior_lighting": 0,
        "oct_exterior_lighting": 0,
        "nov_exterior_lighting": 0,
        "dec_exterior_lighting": 0,
        "jan_interior_equipment": 0,
        "feb_interior_equipment": 0,
        "mar_interior_equipment": 0,
        "apr_interior_equipment": 0,
        "may_interior_equipment": 0,
        "jun_interior_equipment": 0,
        "jul_interior_equipment": 0,
        "aug_interior_equipment": 0,
        "sep_interior_equipment": 0,
        "oct_interior_equipment": 0,
        "nov_interior_equipment": 0,
        "dec_interior_equipment": 0,
        "jan_exterior_equipment": 0,
        "feb_exterior_equipment": 0,
        "mar_exterior_equipment": 0,
        "apr_exterior_equipment": 0,
        "may_exterior_equipment": 0,
        "jun_exterior_equipment": 0,
        "jul_exterior_equipment": 0,
        "aug_exterior_equipment": 0,
        "sep_exterior_equipment": 0,
        "oct_exterior_equipment": 0,
        "nov_exterior_equipment": 0,
        "dec_exterior_equipment": 0,
        "jan_fans": 0,
        "feb_fans": 0,
        "mar_fans": 0,
        "apr_fans": 0,
        "may_fans": 0,
        "jun_fans": 0,
        "jul_fans": 0,
        "aug_fans": 0,
        "sep_fans": 0,
        "oct_fans": 0,
        "nov_fans": 0,
        "dec_fans": 0,
        "jan_pumps": 0,
        "feb_pumps": 0,
        "mar_pumps": 0,
        "apr_pumps": 0,
        "may_pumps": 0,
        "jun_pumps": 0,
        "jul_pumps": 0,
        "aug_pumps": 0,
        "sep_pumps": 0,
        "oct_pumps": 0,
        "nov_pumps": 0,
        "dec_pumps": 0,
        "jan_heat_rejection": 0,
        "feb_heat_rejection": 0,
        "mar_heat_rejection": 0,
        "apr_heat_rejection": 0,
        "may_heat_rejection": 0,
        "jun_heat_rejection": 0,
        "jul_heat_rejection": 0,
        "aug_heat_rejection": 0,
        "sep_heat_rejection": 0,
        "oct_heat_rejection": 0,
        "nov_heat_rejection": 0,
        "dec_heat_rejection": 0,
        "jan_humidification": 0,
        "feb_humidification": 0,
        "mar_humidification": 0,
        "apr_humidification": 0,
        "may_humidification": 0,
        "jun_humidification": 0,
        "jul_humidification": 0,
        "aug_humidification": 0,
        "sep_humidification": 0,
        "oct_humidification": 0,
        "nov_humidification": 0,
        "dec_humidification": 0,
        "jan_heat_recovery": 0,
        "feb_heat_recovery": 0,
        "mar_heat_recovery": 0,
        "apr_heat_recovery": 0,
        "may_heat_recovery": 0,
        "jun_heat_recovery": 0,
        "jul_heat_recovery": 0,
        "aug_heat_recovery": 0,
        "sep_heat_recovery": 0,
        "oct_heat_recovery": 0,
        "nov_heat_recovery": 0,
        "dec_heat_recovery": 0,
        "jan_water_systems": 0,
        "feb_water_systems": 0,
        "mar_water_systems": 0,
        "apr_water_systems": 0,
        "may_water_systems": 0,
        "jun_water_systems": 0,
        "jul_water_systems": 0,
        "aug_water_systems": 0,
        "sep_water_systems": 0,
        "oct_water_systems": 0,
        "nov_water_systems": 0,
        "dec_water_systems": 0,
        "jan_refrigeration": 0,
        "feb_refrigeration": 0,
        "mar_refrigeration": 0,
        "apr_refrigeration": 0,
        "may_refrigeration": 0,
        "jun_refrigeration": 0,
        "jul_refrigeration": 0,
        "aug_refrigeration": 0,
        "sep_refrigeration": 0,
        "oct_refrigeration": 0,
        "nov_refrigeration": 0,
        "dec_refrigeration": 0,
        "jan_generators": 0,
        "feb_generators": 0,
        "mar_generators": 0,
        "apr_generators": 0,
        "may_generators": 0,
        "jun_generators": 0,
        "jul_generators": 0,
        "aug_generators": 0,
        "sep_generators": 0,
        "oct_generators": 0,
        "nov_generators": 0,
        "dec_generators": 0
      }
    }
  },
  "daylight_autonomy": -1,
  "geo_coords": {
    "lon": -96.85,
    "lat": 32.85
  }
}